checklist_code,location_code,item_code,question,guideline,regulation_ref,ksm_sms_ref,ship_type,sequence_no
F605,10,1100,"Crew Management (Qualification)
Do all Deck and Engineer Officers hold valid licenses issued by flag state?
Do their licenses also meet requirements specified in STCW 1978 as amended?","<Check point>
Ask Master.  If necessary, ask him to produce original certificates.
Confirm them with License List.","STCW
II/1
III/1",HRM 3.4,Common,1
F605,10,1101,"Crew Management (Qualification)
Are medical certificates  of the  crew valid?","<Check point>
Check expiry dates of certificates.","STCW
I/9
MLC 1.2",HRM 4.1.3.6,Common,2
F605,10,1102,"Crew Management (Qualification)
Does the Master understands well the terms and conditions of C/P, hull insurance, P&I policies, etc.?","<Check point>
Ask the Master about speed and fuel consumption specified by C/P, deductibles under Insurance coverage, List of Correspondents, Hull Insurance, or P&I insurance policie",,,Common,3
F605,10,1200,"Crew Management (Training)
Is there a procedure for familiarization for new personnel and effectively completed for all staff?","<Check point>
Record of HRM S 523 Familiarisation on board checklist for new personnel shall be verified Check record for dates of completion to be consistent.",SOLAS III-19.4.1,"Rightship 11.12
HRM 4.8",Common,4
F605,10,1201,"Crew Management (Training)
Did the Master and Chief Engineer receive briefing from Company before boarding vessel?","<Check point>
Both received briefing from Company before boarding vessel. If  not received, enter N/A and so write in column.
<Annotation>
Note: Briefing items must include at least the following items:
- Recent SMS revisions
- Instructions recently issued by the Company
- Information on accidents that recently occurred
- Relevant instructions and recommendations from KSM",,HRM 4.5,Common,5
F605,10,1202,"Crew Management (Training)
If the vessel is equipped with an Electronic Chart Display and Information System （ECDIS）, as stated on the Form E of the SEC,  have the Master and Deck officers’ complete Generic and type specific familiarization on the system fitted onboard?
Is ECDIS on board familiarization has been undertaken?","<Check point>
Check by asking Master, officers.

If SAFEQUIP Cert Form ""E"" shows ECDIS as primary means of navigation, then all deck officers MUST be in possession of Generic (IMO Model course 1.27)
Check if Master has issued instructions for minimum safety settings (Alarm) for following
i)           Cross Track Error
ii)          Safety Depth
iii)        Safety Contour
iv)        Shallow and Deep Contour
and how are these being adhered to by OOWs.
<Annotation>
Type specific training is not mandatory, but required for RIGHTSHIP inspection.
Notes: ECDIS phase in started on 1st July 2012 for new tankers, 1st July 2015 existing tankers. If ECDIS is fitted, either single ECDIS or duplicate for redundancy purposes and being used for navigation but paper charts are retained as the primary source of navigation, then all watch keeping officers must have both generic training and type specific familiarization as accepted  by the vessels flag. (Type specific familiarization is not required if the Generic training was conducted on the same unit as fitted on board).
If the vessel is fitted with an ECDIS system that is not fully compliant with respect to redundancy etc. and the primary source of navigation is paper charts, then all watchkeeping officers must have generic training.
Each deck watchkeeper must be in possession of an ECDIS Generic Training certificate. This Generic training must have taken place at an establishment approved by the Flag Administration, address the subjects set out in, and fully address each of the topics contained in the IMO Model Course 1.27, (The operational use of Electronic Chart Display and Information Systems （ECDIS）). An ECDIS Generic Training Certificate conducted on the 2010 syllabus is acceptable.
If the equipment on board is of a different type (manufacturer) to which the generic training was undertaken, then evidence of familiarization of the actual equipment fitted on board should
be provided. The document ""ECDIS - Industry Recommendations for ECDIS Familiarization"" (Published by the Nautical Institute) or an equivalent produced by the manager should be completed to demonstrate such familiarization. Record in comments the nature of and duration of such familiarization. If only one ECDIS fitted and paper charts are also provided record which is the primary source of navigation and which is the backup.","STCW 7
/Circ.24. dated on 6 February 2017",HRM 3.0 ANNEX 1 Rightship 3.11,Common,6
F605,10,1203,"Crew Management (Training)
Are Officers familiar with all contents of SMS Manuals?","<Check point>
Check during audit level of familiarity of Officers with contents of SMS Manuals.",,,Common,7
F605,10,1204,"Crew Management (Training)
Is regular training in the use of life-saving equipment being undertaken and are crew familiar with those requirements and the location / contents of the training manuals?
On board training in the use of davit-launched life rafts shall take place at intervals of not more than four months on every ship fitted with such appliances. (SOLAS III/19.4.3)","<Check point>
Review regular training record HRM S 527 of LSA for crew.
For example: donning of immersion suits, starting L/B engine etc.
<Annotation>
Instructions in the use of the ship’s fire extinguishing appliances, life-saving appliances and in survival at sea shall be given at the same interval as the drills. Individual instruction may cover different parts of the ship’s life-saving and fire-extinguishing appliances, but all shall be covered within any period of two months. (SOLAS III/19.4.1)
Every crew member shall be given instructions which shall include but not necessarily be limited to:
1. Operation and use of the ship’s inflatable life rafts;
2. Problems of hypothermia, first-aid treatment for hypothermia and other appropriate first-aid procedures;
3. Special instructions necessary for use of the ship’s life-saving appliances in severe weather and severe sea conditions; and,
4. Operation and use of fire-extinguishing appliances. (SOLAS III/19.4.2)
As far as is reasonable and practicable, rescue boats other than lifeboats which are also rescue boats, shall be launched each month with their assigned crew aboard and maneuvered in the water. In all cases this requirement shall be complied with at least every three months. (SOLAS III/19.3.3.6)",SOLAS III/19.3.3.6 III/19.4.1 III/19.4.2 III/19.4.3,HRM 15.5.2                            SSQE 8.0,Common,8
F605,10,1205,"Crew Management (Training)
Have all deck officers attended either a Bridge Resource Management, or Bridge Team Management course?
Has the Master been provided with relevant ship handling training?","<Check point>
Check by asking Master, officers.
 Training certificate as per IMO model course 1.22
<Annotation>
Note: These should be formal shore-based courses of at least three days duration and officers should have evidence of having attended them.
A Master must have attended a ship handling course or have sufficient practical experience. RIGHTSHIP - less than 4 years experience","STCW
Code Part B Section B- V/a","Rightship 3.4
HRM  3.0 ANNEX I",Common,9
F605,10,1300,"Crew Management (Duties Assigned)
Does the manning level meet or exceed that required by the Minimum Safe Manning Certificate?","<Check point>
Review that actual number of seafarers on board exceed MSMC requirements considering following factors while ensuring no violation of rest hours
1. Trade of vessel
2. Level of persons required for
a. Cargo operations
b. Mooring/ Unmooring operations
c. Navigation in confined waters, heavy traffic, restricted, visibility, heavy weather etc.
Check Blue Certificate, if necessary. However, even if the vessel does not have BC, it does not make Finding.","IMO Res A.890(21)
ISPS Code B 4.28",,Common,10
F605,10,1301,"Crew Management (Duties Assigned)
For vessels not manned according to GMDSS Certification?","<Check point>
GMDSS requires one or more of other Officers holding valid certificates authorizing service on vessel, subject to requirements of flag state.
<Reference>
GMDSS Radio Personnel:
Thailand - 1 Officer with GOC
Panama - 2 Deck Officers with GOCs or Personnel with GOC
Liberia - 2 Deck Officers with GOCs or Radio Personnel with 1/2 REC Singapore - 2 Officers with GOCs",IMO Res A801(19),,Common,11
F605,10,1302,"Crew Management (Duties Assigned)
Have roles and duties of Deck and Engineer Officers been defined ? Are the duties of the watch keeping officers and ratings clearly defined?","<Check point>
Check SMS Manuals.
Note if there is table of standard duties of Deck and Engineer Officers in Manuals.
Also, note if roles and responsibilities of Deck and Engineer Officers have been defined in Manuals.",,HRM 10.0,Common,12
F605,10,1303,"Crew Management (Duties Assigned)
Do crew know their own responsibilities?
Do crew know who has the direct line of authority over them?","<Check point>
Check by interviewing as many crew.",,HRM 10.0,Common,13
F605,10,1304,"Crew Management (Duties Assigned)
Are Master and crew wearing proper uniform?
Is it possible to recognize their rank by shore staff ?","<Check point>
Check during audit to see if Officers in public are easily identified or not. e.g.) Epaulet, Rank Badge, etc.",,,Common,14
F605,10,1305,"Crew Management (Duties Assigned)
Are the company's policy for appropriate and effective watches for the purpose of safety at all times been established?","<Check point>
Check the company's instruction.",STCW VIII/2.4,SPM VOL II 3.4,Common,15
F605,10,1400,"Crew Management (Health)
Has a Medical officer been designated?","<Check point>
Check by interviewing Medical Officer. Note Medical Officer has:
1) Checked hygiene in accommodation space;
2) Given hygienic guidance to crew; and
3) Arranged medicines and medical supplies.",,,Common,16
F605,10,1401,"Crew Management (Health)
What was the company’s defined maximum level of blood alcohol content?","<Check point>
Check SMS Manuals.
records and frequency of check and unannounced alcohol test HRM S 522 Record of Random Alcohol test.
Senior officers to witness Master’s tests.","Section B- VIII/1,
Guidance regarding fitness for duty, STCW 2010","HRM 5.3.12
Rightship 3.6,  to 3.9",Common,17
F605,10,1500,"Crew Management (Hygiene)
Is potable water analyzed onboard or at shore laboratory at intervals not exceeding 6 months in accordance with WHO Guidelines, and result of analysis recorded by Sanitary Officer?","<Check point> Check record.
Prior to replenishment of potable water, a quality report should be made available (or tested onboard if shore report not available). Check if e-coli and coliform content is tested and recorded.
If corrective measures have not been taken in response to bad result of analysis, it should be record as Finding.",,HRM 9.2.4,Common,18
F605,10,1600,"Crew Management (Fatigue Control)
Are the STCW and flag Administration’s regulations that control hours of work to minimize fatigue being followed?","<Check point>
Check the requirements with DMLC Part II. Check HRM S 521 Shipboard Working arrangement.
Check HRM S 520 Work Rest Hour record for officers and ratings
<Annotation>
Records should be kept for the Master, officers and all other members of the ships compliment to the specific ILO format.
However, the basis for calculating hours of rest should be demonstrated as being consistent with the Conventions’ requirements and, where applicable, with the interpretations of the OCIMF paper. OCIMF require that the term ‘any 24 hours’ is interpreted and applied literally and is not linked to calendar days or a fixed time of starting work or rest.
It should be ensured that, at any time during the working period, in the past 24 hours the seafarer should always be in compliance with the requirements for a minimum of 10 hours rest which has been divided into no more than 2 periods, one of which is to be a minimum of 6 hours.
The ILO format “Working Hours Record” contains columns for:
- “Hours of rest in 24 hour period”
- “Hours of Rest in any 24 hour period” A figure of less than 10 in this column indicates a day when non-conformance has occurred.
- A third column should indicate the “Hours of rest in any 7 day period” A figure of less than 77 in this column indicates a non-conformance has occurred.   Inspectors should observe if the records are not to ILO format or have columns that have not been completed unless another method of confirming conformance is available.
Although the regulations only require monitoring of hours to be undertaken on board, it is important that managers ashore have access to meaningful summary data that enables them to monitor the work and rest hours of individuals.
The Inspector should record an observation:
- If “any 24 hours” is not interpreted literally, or
- a lack of evidence of conformance/non-conformance calculations, or
- any lack of evidence that managers are informed at least monthly of compliance levels on board, or
- a failure by the manager to acknowledge significant levels of non-conformance (3 or more days containing “non-conformance” by any individual on board)","STCW
Code A VIII/1
MLC 2.3",HRM 8.4.2,Common,19
F605,10,1601,"Crew Management (Fatigue Control)
Do all personnel maintain record of rest hours and are they in compliance with MLC and STCW requirements?","<Check point>
Check records of HRM S 520 Work Rest Hour record
Check to see if there are records of working hours for all crewmembers including the Master. Verify that all seafarers on board maintain record of work/ rest hours.
<Additional check point for all type of tankers>
Although there is no requirement of retention of these records, OCIMF recommends past 12 months records be kept on board for scrutiny by shore authorities.
<Annotation>
Note: The Management System on board must require the recording of all hours worked for the ship. This will include any watch keeping or work duties either during or outside of the individuals scheduled period of work, and any other period of working that disturbs a scheduled rest period such as drills; Meetings; ER rounds; response to alarms; mooring stations or any stand-by conditions on the bridge, deck or engine room. The Inspector should randomly sample completed monthly records for the ships complement to confirm the records are accurately kept by cross reference to other records on board. 3 or more days containing “non-conformance” by any individual on  board should be recorded as an observation.","STCW
Code A VIII/1
MLC 2.3",HRM 8.4.7,Common,20
F605,10,1900,"Crew Management (Others)
Are original Seafarer Employment Agreements (SEA) valid and conform with MLC regulation 2.1?","<Check point>
• HRM F 505 Seafarer’s Employment Agreement Signed by both the seafarer and the manning company
• Seafarers are able to fully understand the contents of the agreement before being requested to sign the agreement.
• shipowner and seafarer concerned shall each have a signed original of the seafarers’ employment agreement
shipowner Requirement: SEA shall in all cases contain the termination of the agreement and the conditions thereof.
• The salaries inside the SEAs are not lower than the minimum salaries in the CBA.
<Annotation>
(i) if the agreement has been made for an indefinite period, the conditions entitling either party to terminate it, as well as the required notice period, which shall not be less for the shipowner than for the seafarer;
(ii) if the agreement has been made for a definite period, the date fixed for its expiry; and
(iii) if the agreement has been made for a voyage, the port of destination and the time which has to expire after arrival before the seafarer should be discharged;","MLC 2006
Standard A2.1.4g",HRM 4.1.4.2,Common,21
F605,10,7100,"Emergency Preparedness (Contingency Plan)
Are there sufficient crew onboard anytime to cope with an emergency?","<Check point>
Check the company instruction.
Check number of Officers and crew onboard.
 Check by interviewing Master procedures for recording number of Officers and crew aboard.",STCW VIII/2.4,HRM 2.3.1,Common,22
F605,10,7101,"Emergency Preparedness (Contingency Plan)
Are Master and officers familiar with ship-specific plans and procedures for Recovery of Persons from the water?","<Check point>
The plans and procedures shall identify the equipment intended to be used for recovery purposes and measures to be taken to minimise the risk to shipboard personnel involved in recovery operations. Ships constructed before 1 July 2014 shall comply with this requirement by the first periodic or renewal safety equipment survey of the ship to be carried out after 1 July 2014 whichever comes first.","SOLAS III/17-1 SOLAS 74, 2014
MSC.1/Circ. 1447",Rightship 5.46,Common,23
F605,10,8800,"Pollution Prevention (OPA-90)
<Only for ships trading in US waters>
Is the name of the OPA-90 qualified individual(QI) recorded in Vessel Response Plan(VRP) or Non-Tanker VRP?","<Check point>
Check the name of the OPA-90 qualified individual(QI)
<Annotation>
Note: The name of the OPA-90 qualified individual must be recorded in the VRP. If the vessel does not trade to the US, answer the question 'NA'.",,,Common,24
F605,10,8801,"Pollution Prevention (OPA-90)
<Only for ships trading in US waters>
Is Vessel Response Plan (VRP) or Non-Tank VRP approved by Authority available?
Also, has regular drill been conducted and result of drill recorded?","<Check point>
Check ＶＲＰ or Non-tank VRP
- VPR: Only for the Oil tankers trading USA ports.
- NTVRP: LPG, LNGCs and Chemical unless carrying annex 1 cargo & Non-tankers Check records.
<Annotation>
Note: A VRP must be provided for oil and chemical tankers trading to the USA. SOPEP's, SMPEP's and VRP's can be either in a single combined plan or in separate documents. If the vessel does not trade to the US, answer the question 'NA'.",,,Common,25
F605,10,9100,"Safety Management (Document Control)
Are all the statutory certificates listed below, where applicable, valid and have the annual and intermediate surveys been carried out within the required range dates?
- Certificate of Registry (all vessel)
- Continuous Synopsis Record with Form 2 and 3 (all vessel)
- Document of Compliance (DoC) (all vessel) annual audit
- Safety Management Certificate (SMC) (all vessel) intermediate verification
- Safety Equipment Certificate, supplemented by Form E (all vessel)
- Safety Radio Certificate, supplemented by Form R (all vessel)
- Safety Construction Certificate (all vessel)
- IOPP Certificate, supplemented by Form A or B (all vessel)
- Statement of Compliance supplement (all type of tankers & cape size bulker only)
- Minimum Safe Manning Document (all vessel)
- Certificate of Fitness for the Carriage of Chemicals or Gas (LNG & LPG carriers only)
- Noxious Liquid Substances (NLS) Certificate (Chemical tanker only)
- Civil Liability Convention (1992) Certificate (Petroleum & Chemical tankers only)
- Bunker - Civil Liability Convention (1992) Certificate (all vessel)
- Maritime Labor Convention (2006) (all vessel)
- IMSBC Code Fitness Certificate
 - Ballast Water Management Certificate.","<Check point>
Check SQE S 633 Certificates and Surveys is duly filled and filled every month and monitored by office
Check at least last Annual/ intermediate or renewal dates of  Statutory certificates. Safcon, IOPP, IAPP, ISPP, Class, MSMC, MLC, ISSC, ILLC and Alternate load line assignment (if any). All pages of Form ""E"", Form ""R"", Record of Safety equipment.
CHECK IF ANY CONDITIONAL CERT, ANY EXEMPTION OR EXTENSION FOR RENEWAL OF CERTIFICATE IS ISSUED.
<Reference>
The IMSBC Code fitness certificate in accordance with IMSBC Code (2015 Edition) may be issued upon requests from owners/shipbuilders on voluntary basis from 1 January 2016.
For cargoes listed in Table G1 (Cargo newly added and requirements on construction/equipment (IMSBC Code-4th amendment) as 'Group A and B' or 'Group B', IMSBC Code (2015 Edition) a fitness certificate will be issued in case where ships comply with requirements",,OPM 7.1.4,Common,26
F605,10,9101,"Safety Management (Document Control)
Are class survey reports adequately filed?
Are class survey Status most recent reports on board dated not more than one month prior to the date of audit?","<Check point>
Check the class survey status report.
Occasional survey, Periodical survey and Condition assessment survey reports shall be separately filed.
<Annotation>
Note: The file should contain class reports based on annual, intermediate, special and occasional surveys. The survey and repair reports should be adequately filed to facilitate checking.",,Rightship 1.17,Common,27
F605,10,9102,"Safety Management (Document Control)
Is the vessel free of conditions of class or significant recommendations, memoranda or notations?","<Check point>
Check latest class survey status report for any COC or significant memo.
If conditions of class have not been completed by the required due date, It should be record as observation. Otherwise, just mention it in the audit report.",,,Common,28
F605,10,9103,"Safety Management (Document Control)
Are Company's handover procedures for replacement of crew and minimum period of on board overlapping available?","<Check point>
Check by interviewing as Master.
Are handover procedures followed when crew are replaced?
 - Is there ample time for handover?
 - Is handover notes prepared and filled?
 - Check handover Notes HRM S 524,525 & 526
  -Check handover checklist as per HRM S 524,525 & 526",,HRM 4.9,Common,29
F605,10,9104,"Safety Management (Document Control)
Do the company’s procedures manuals comply with ISM Code requirements?","<Check point>
<Annotation>
The Company should ensure that the safety management system operating on board the ship contains a clear statement emphasizing the Master’s authority. The Company should establish in the safety management system that the Master has the overriding authority and the responsibility to make decisions with respect to safety and pollution prevention and to request the Company’s assistance as may be necessary. (ISM Code 5.2)
Notes: It is not a requirement that the manuals be written in English. However, if not, the fact should be recorded in Comments. Key elements of the ISM Code that should be incorporated into the procedures manuals are that they should be:
- Relevant to the ship;
- User friendly;
- Written in the working language of the crew. And that they should at least contain:
- A safety and environmental policy;
- Emergency procedures;
Emergency procedures should at least include collision, grounding, flooding, heavy weather damage, structural failure, fire (on deck and in cargo tanks, the engine room, pump room and accommodation), explosion, gas or toxic vapor release, critical machinery failure, rescue from enclosed spaces, serious injury and helicopter operations.
- A description of the Master’s and crew’s responsibilities;
- Shipboard operation plans;
- Procedures for reporting non-conformities and for corrective action;
- Maintenance programmes;
- Procedures for auditing and reviews;
- Programmed of drills,
The programmed of drills must at least include the emergency procedures detailed above and in addition abandon ship, man overboard, pollution clean-up and ship security including dealing with terrorism and piracy.
Occasionally the company’s procedures are available only in computerized versions. Ascertain whether there is adequate access for all personnel to a computer and whether adequate training has been given to all personnel in accessing the company’s procedures using one. In any case, an up to date copy of the company’s navigation policy and procedures must be available on the bridge and officers should demonstrate familiarity with the policy. If the policy is provided in electronic format only, a back-up independent means of power supply to the computer must be provided.",ISM Code 5.2,APEX 6.4,Common,30
F605,10,9105,"Safety Management (Document Control)
Is Document of Compliance for ship carrying dangerous goods available? Applicable to vessels carrying IMDG cargo.","<Check point>
Check Document of Compliance certificate for ship carrying IMDG cargo.",SOLAS II-2/19.4,,Common,31
F605,10,9106,"Safety Management (Document Control)
Are Cyber Security Policy and Cyber security procedures as per Cyber Security Manual?","<Check point>
check cyber security policy

The cyber security management shall:
• Who is the SCSO of the vessel?;
Can vessel staff identify CCSO?
• Is the ship specific risk assessment available onboard  ;
• Implement technical measures to protect against a cyber-incident and ensure continuity of operations. This may include configuration of networks, access control to networks and systems, communication and boundary defence and the use of protection and detection software;
• Implement activities and plans (procedural protection measures) to provide resilience against cyber incidents. This may include training and awareness, software maintenance, remote and local access, access privileges, use of removable media and equipment disposal
• Implement activities to prepare for and respond to cyber incidents.
Note: Do the procedures include a risk assessment of issues such as:
• Threats such as from malware; phishing attacks etc.
• Identification and protection of Vulnerable systems (ECDIS etc)
• Mitigation measures, (USB control etc)
• Identify key personnel within the company (including who the master reports suspected incidents to)
• Hard copy of key contacts (e.g. DPA; CSO etc).
• Password management/record?
• Contractor compliance
Note: Does the Cyber Response plan contain guidance on:
• What ‘symptoms’ to look for,
• Immediate actions to be taken and
• Name, position, phone number and email for the Responsible Person to be contacted",,"CSM 2.0
CSM 3.0
CSM 4.0",Common,32
F605,10,9107,"Safety Management (Document Control)
Are measures in place for controlling the use of removable media such as USB memory sticks, CDs, DVDs and diskettes on ship board computers? Is there a dedicated USB for ECDIS?","<Check point>
• Check CSM-6 form ; it must ensure that media devices are not normally used to transfer information between un-controlled and controlled systems.",,CSM 4.5.7,Common,33
F605,10,9108,"Safety Management (Document Control)
Are cyber security awareness materials for improving crew awareness being provided  awareness actively promoted by the company and onboard?","<Check point>
Example of cyber security awareness materials are:
• Training films
• Crew’s training
• Cyber security awareness posters
• Note: Active promotion might include:
• 'Cyber Awareness Material' displayed by all IT terminals and in crew rest rooms
• Training films shown to crew
• Crew specific training
• Instruction on safeguarding of passwords
• Responsible use of social media.
• Policy on the use of personal devices and its inclusion in shipboard joining familiarisation checklists.
• May include companies own employee/contractor Authorised User Policy (AUP) agreements.
• Company certified as per ISO 27001",,CSM 6.0,Common,34
F605,10,9109,"Safety Management (Document Control)
Are the crew aware of the company policy on the control of physical access to all shipboard IT/OT systems?","<Check point>
• Observe if access to USB ports on 'Shipboard IT/OT' terminals are controlled (i.e. there are measures in place to block/lock USB/RJ-45 ports on these terminals.
Procedures should include the protection of Critical equipment such as ECDIS from malware and virus attacks. Procedures should include the control of access to all shipboard IT/OT terminals including access to Servers which should be in a secure location. The procedures should also include access by any third-party contractors and technicians.",,CSM 6.0,Common,35
F605,10,9110,"Safety Management (Document Control)
Does the company have policy on the use of personal devices onboard?","<Check point>
• Personal devices include phone/tablets etc and storage devices such as USB sticks.
Check if the policy is implemented by both, crew and visitors, e.g. all third-party contractors and technicians.",,CSM 6.3,Common,36
F605,10,9200,"Safety Management (Internal Audit)
Has an internal audit been conducted, result of audit recorded, and are actions being initiated to correct any non-conformities?","<Check point>
Note records of internal audit.
Confirm internal audit is conducted within 12 months.
<Annotation>
In exceptional circumstances, this interval may be exceeded by not more than three months.",ISM Code 12.1,SSQE 10.0,Common,37
F605,10,9201,"Safety Management (Internal Audit)
Is a recent company’s internal audit report available and is a close-out system in place for dealing with non-conformities?","<Check point>
Check SQE F 602 Internal Audit Report. Check if all observations are closed out with final comments from company. Note last date of I.A.
Check for CARs and other Company's document which shows that correction has been complete.
Pick out randomly some nonconformities found in internal audit, and check to see if those have been corrected.
<Annotation>
Note: This audit must be conducted as part of the company’s SMS procedures. Satisfactory evidence should record that corrective action was taken to rectify non-conformities. A close-out system, which includes a time limit for corrective action, informing the company when completed and the company ensuring that it has been, should be in place and the inspector should ensure that the required actions have been made within the required time. Inspectors must not use company’s audits as a means to record Finding. Some administrations may permit an extension for this review.",,SSQE10.5.5,Common,38
F605,10,9300,"Safety Management (External Audit & Inspection)
Have Findings and CARs in the last External audit been corrected?","<Check point>
Is audit report available, and follow any pending CARs. Check if CARs have been corrected or slated to fix at drydock.",,SSQE 10.6,Common,39
F605,10,9400,"Safety Management (Company's Support)
Does the company’s representative visit the vessel at least bi-annually?","<Check point> Check records.
Note the last date of visit and if the representative was from deck or engine side
<Annotation>
Record the date of the last visit of superintendent (Marine Superintendent, Technical Superintendent, SEQ Dept.). In addition record the dates of each superintendent last visit.
Note: The company’s representative must be a Technical/Marine superintendent or person familiar with the company's SMS and responsible for its implementation. The company’s representative’s visits should occur at approximately six month intervals, a tolerance of one month is acceptable.",,SSQE 4.3.1,Common,40
F605,10,9401,"Safety Management (Company's Support)
Has the company given instructions by the document to the vessel to correct non-conformities or items pointed found by the superintendent? And has the ship staff corrected it accordingly?
Are items non-conformities or pointed summarized and can identify improved items and incompletion items?
Do they act to monitor for non-conformities or items pointed until improvement is completed?","<Check point>
Check if inspection is closed in VIMS and all observations closed. If VIMS system is not in use then check SQE S 625 Non Conformity.
Also, check to see if SI Report and Internal Audit Report are kept on different file. Pick out and check one or more(in-port-check) / several(sea-check).",,SSQE 4.3.4,Common,41
F605,10,9402,"Safety Management (Company's Support)
Have feedback of non-conformities/observations from other vessel as follows been informed to vessel and rectified?
- internal audit
- external audit
- 3rd party inspection
- PSC
- company audit
- etc.","<Check point>
Note if feedback of non-conformities found on other vessels in an internal and external audits have been provided to vessel.
Check if feedback has been used as object lesson and similar non-conformity/deficiency traced and corrected.",,SSQE 10.6,Common,42
F605,10,9500,"Safety Management (Safety Culture)
Is vessel staff aware of standards for fire/explosion prevention provided in SMS ?","<Check point>
Check if crew is fimliarized with Shipboard Emergency Procedure & hot work permit system and precautions mentioned in the SMS manual",,"SEM 4.7
SSQE 6.6.3",Common,43
F605,10,9501,"Safety Management (Safety Culture)
Has company established a risk assessment procedure so that the vessel can assess the risk of dangerous work  on board?
<Reference>
Dangerous Work as per SMS manual;
- High Place
- Over Side
- Underwater
- Pipelines＆Pressure Vessel
- High Voltage
- Mooring operations
 - Maintenance work on critical machinery
 - Enclosed space
 - Hot Work outside ER Workshop
 - Work during heavy weather","<Check point>
Check by records and interviewing Safety Officer.
Check if Officers’ are familiar with the process for conducting Risk Assessments for routine and nonroutine tasks on Risk Manager.
Check if operators provide adequate procedures for conducting RA and is there sufficient evidence of this process undertaken.",,SSQE 2.0,Common,44
F605,10,9502,"Safety Management (Safety Culture)
Are crew members participating in safety meetings and is there evidence of effective discussions on safety and health related issues with shore management feedback?","<Check point>
Safety & Health meetings are held once every month. Check SCM Section in VIMS & SQE S 623 B Minutes of Additional Safety Committee Meeting
Check if office comments received by the vessel.
Note: The Company must include at least the following in the meeting agenda:
- Crew injuries
- Personal protective equipment
- Near misses
- Contingency plan
- Sanitation of the ship
- Serious accidents on other vessels (including the Casualty Report, Safety Bulletin, etc.)
- Confirmation that the crew are complying with the SMS.
<Annotation>
Note: Safety Committee Meetings are intended to permit discussion among the vessel’s officers and ratings where these relate to safety. Safety meetings should not be used for the purposes of instruction or training.",MLC 4.3,SSQE 1.4.8,Common,45
F605,10,9503,"Safety Management (Safety Culture)
Are smoking regulations posted and being adhered to and are smoke rooms adequately identified?","<Check point>
Smoking regulations at sea and in port shall clearly be designated by Master. Smoking restriction poster shall be placed near gangway for visitors.",,SSQE 5.18,Common,46
F605,10,9504,"Safety Management (Safety Culture)
Does the Master evaluate and review the SMS manual, report to shore based management and then receive feedback from them?","<Check point>
Check SQE S 624 Master's SMS review
Check if company has responded to Master's review.
<Annotation>
Note: The master’s review should be carried out at least annually and documentary evidence should be available. The review should contain evidence of positive/negative feedback and not simply a tick box exercise with no material substance. The review may also include the ships management team input.",,SSQE 9.5,Common,47
F605,10,9505,"Safety Management (Safety Culture)
Are there procedures for reporting, investigation and close-out of accidents, incidents, non-conformities and near misses available? Are they being followed up?","<Check point>
Check by interviewing and confirm that there is Near miss reporting procedure and check VIMS
Check the content of one of latest near miss reports if any and confirm the countermeasure is planned/implemented. Check if there are any feedbacks, actions and follow up from company regarding near misses found in other vessels.
<Annotation>
The near miss reporting system shall cover unsafe act/unsafe condition (DEVILs/Near miss 3000). Feedback of near-miss reports from other vessels been provided to the vessel with instructions.
Devil hunting reports submitted five (3) or more per month from crew.",,"SSQE 10.8
SSQE 11.5
SSQE 11.6",Common,48
F605,10,9600,"Safety Management (Work Environment)
Has the Company provided  procedures for hot work and evidence to support its being followed?","<Check point>
Check SMS requirement of H.W., and company approval and communication. Check if SQE S 616 Hot work Permit.",,SSQE 6.5,Common,49
F605,10,9601,"Safety Management (Work Environment)
Has the Company provided procedures for enclosed space work and evidence to support its being followed?","<Check point> Check
1. if company has clearly defined what are considered as Enclosed space or confined space.
2. If SQE S 621 Enclosed space permit properly filled up
3. Every specified time in minute(s), check and record Oxygen (O2) contents [Vol. %], Hydrocarbon (HC) contents [LEL %] and Toxic Gas. Test shall also be done prior entry.
4. Check OEL LIMIT Table Annex  4 is placed in Ship office.",IMO Res A.1050(27),SSQE 6.5,Common,50
F605,10,9602,"Safety Management (Work Environment)
Has the Company provided procedures for rescue from enclosed space?","<Check point>
Check if crew is familiar with the procedures laid out.",,SSQE 6.5.7,Common,51
F605,10,9603,"Safety Management (Work Environment)
Has the Company provided procedures for working aloft and evidence to support its being followed?","<Check point>
Permit is applicable to any job which involves work higher than 2 meters from a safe deck surface.
Check  when last filled SQE E 619 Permit Working aloft",,SSQE 5.10,Common,52
F605,10,9604,"Safety Management (Work Environment)
Has the Company provided procedures for work over sides and evidence to support its being followed?","<Check point>
Check SMS Manuals. Has the ship identified specific locations for work over sides, and are crew familiar?",,SSQE 5.10,Common,53
F605,10,9605,"Safety Management (Work Environment)
Has a safety officer been designated, trained to undertake this role and is there evidence to show that they are effectively performing duties associated with this role?","<Check point>
Check by interviewing Safety Officer. Note Safety Officer has:
1) Check SQE S 608 Safety officer checklist is followed
2) Familiar with the principles and practice of risk assessment, and should be available to advise those preparing and reviewing risk assessments.
3) How to provide the necessary advice to resolve safety concerns or problems and to encourage adherence to prevention principles. 4) Supervision of safety tasks assigned to crew and other seafarers on board, and passengers where applicable.
5) Accident and incident investigation, analysis and making appropriate corrective and preventative recommendations to prevent their recurrence.
8) How to obtain relevant information on a safe and healthy working environment from the competent
Related regulations
Chapter Ⅱtable-A Ⅱ/2    ChapterⅢtable-A Ⅲ/2 STCW convention and amended of IMO model course 3.11. (ISMcode, Risk Assecemen, Role of Safety officer,  Incident investigetion, Permit-to-work, Emergency Response, Safety Training and etc)","Chapter II, Table A- II/2 and Chapter III, Table A- III/2
IMO Model Course 3.11","SSQE 1.2.5
 SSQE 1.4",Common,54
F605,10,9606,"Safety Management (Work Environment)
Has a specific permit to work system been introduced for high risk duties and are the permits being used effectively?
Is there evidence of a permit to work system in place for hazardous activities, are the crew aware of these requirements and is there documented evidence of compliance?","<Check point>
Jobs considered to be high risk should include:
• Entry into enclosed or confined spaces;
• Gas testing/equipment;
• Working on machinery or equipment which can start automatically or requires isolation;
• Hot work including welding;
• Working aloft or overside;
• General electrical work (Under 1000 Volts);
• Electrical high voltage work (Over 1000 Volts)
This list is not exhaustive. Permits to work, following a similar format, may be required and developed for other categories of work. The safety management system for individual ships will determine when permit to work systems should be used, and the form of the permit to work.",,SSQE 6.0,Common,55
F605,10,9900,"Safety Management (Others)
Has the Company specified the working language for  the vessel?","<Check point>
Check to see if the Company has specified working language in writing.
Check language specified by the Company by confirming it in such documents as Muster List.",,APEX 6.6.1,Common,56
F605,10,9901,"Safety Management (Others)
Are all personnel able to communicate effectively in a common language?","<Check point>
Verify that ship's crew, during work is communicating in official language of ship. Evaluate after audit is complete by checking various aspects of reliability including:
Make comments on the overall evaluation of crewmembers.
If ""NO"" is marked, it must not be entered in Finding Report.  Separate report on it must be submitted to KSM.
<Annotation>
Record the common working language in Comments.
On all ships, to ensure effective crew performance in safety matters, a working language shall be established and recorded in the ship’s logbook. The company or the Master as appropriate shall determine the appropriate working language. Each seafarer shall be required to understand and, where appropriate, give orders and instructions and to report back in that language. If the working language is not an official language of the flag of the State the ship is entitled to fly, all plans and lists required to be posted shall include a translation into the working language. (SOLAS V/14.3)",SOLAS V/14.3,HRM 2.3.1,Common,57
F605,10,9106,"Safety Management (Document Control)
<Applicable vessel only>
If the vessel is subject to the Enhanced Survey Programme, is the report file adequately maintained?
Is a thickness measurement report available?","<Check point>
Check the Condition Evaluation Report
- For Bulk carriers of 20 years of age and above - ESP report and CAP certificate shall be on board. Maximum three months period after special survey is acceptable for not having CAP certificate. But this shall be backed with clear communication between class and ship manager.","SOLAS XI-1/2
MSC Circ. 655/686",Res. A.744(18),Common,58
F605,10,9107,"Safety Management (Document Control)
<Applicable vessel only>
Is the Enhanced Survey Programme file free from any information that raises concerns relating to the vessel’s structure?","<Check point>
Check the Condition Evaluation Report",,,Common,59
F605,10,9108,"Safety Management (Document Control)
<Applicable vessel only>
Has a Survey Plan for the CAP been registered?","<Check point>
- For Oil and chemical tankers of 15 years of age and above
CAP certificate shall be on board. Maximum three months period after special survey is acceptable for not having CAP certificate. But this shall be backed with clear communication between class and ship manager.
- Voluntary for LPG and LNGCs but strongly recommended by charterers.
- For Bulk carriers of 20 years of age and above - CAP certificate shall be on board. Maximum three months period after special survey is acceptable for not having CAP certificate. But this shall be backed with clear communication between class and ship manager.
<Annotation>
Note: Condition Assessment Programme (CAP) is a voluntary programme to document the quality of a vessel beyond the normal scope of Classification Societies. For vessels greater than 15 years old the question should be answered Y or N as appropriate. For vessels younger than 15 years old the question should be answered N.A
If the vessel is enrolled in CAP then record the following:-
- Which Class society
- Which areas covered (Hull, Machinery, Cargo Systems, cargo containment systems etc.) and what rating was awarded for each. Date of the CAP survey (The date should be that when the survey was actually completed, not the certificate date).",,,Common,60
F605,20,1106,"Crew Management (Qualification)
Has a qualified person been designated to handle distress communications?","<Check point>
Check crew certificate list.
An officer holding GMDSS (GOC) certificate shall be designated as qualified person to handle distress communication. Details of this person shall be recorded in GMDSS record book.
Master should not be designated to handle distress message. Check the Muster List.",SOLAS IV/16.1,SPM VOL I 5.5.1,Common,61
F605,20,1209,"Crew Management (Training)
Are Master and Deck Officers familiar with the operation of the ECDIS system fitted on board?","<Check point>
Check SPM N 116 ECDIS Familiarisation
The master and watch keepers should be able to demonstrate their competency with the operation of ECDIS. ECDIS updated to the latest version of the IHO S-52 Presentation Library introduced in edition 4.0.
Safety Setting as appropriate to the draught of the vessel Setting Passage Plan (dreating, uploading and recalling) Checking Passage Plan
Interrogating chart updates ENC symbol identification
Manual position fixing (NP5012/NP232) AIS and or Radar overlay if fitted
Understanding of limitations of operating in RCDS mode Knowledge of SCAMIN and how it is displayed Knowledge of CATZOCs
Familiarity of deck officers with contingency action in case of ECDIS failure. Setting of safety frame/safety cone
Creating parallel index lines
Route checking and management of alarms
Plotting manual fixes (visual bearing and radar range)",,SPM VOL I 12.2.4,Common,62
F605,20,1212,"Crew Management (Training)
Are officers familiar with operation of the steering gear, both pre-departure and for emergency steering?
Are operating instructions clearly posted?","<Check point>
Check by interviewing the Deck Officers.
Check SPM N 101- Steering gear Test
1) Restoration of steering capability within 45 seconds in event of failure of power actuating system; 2) Operation of standby unit from Bridge
3) Isolation system in event of leak of hydraulic fluid.
<Annotation>
All ship’s officers concerned with the operation and/or the maintenance of steering gear shall be familiar with the operation of the steering systems and with the procedures for changing from one system to another. (SOLAS V/26.3.2)
Note: The opportunity should be taken if possible to request that an officer demonstrates the operation of the emergency steering gear. The ship's steering gear shall be checked and tested within 12 hours before departure, except ships which regularly engage on voyages of short duration (checks and tests at least once every week).
Drills shall take into consideration the manning levels required to operate the emergency steering satisfactorily.",SOLAS V/26.3.2,SPM VOL I 9.1.4,Common,63
F605,20,1308,"Crew Management (Duties Assigned)
Is Working Arrangement both at sea and in port posted at a conspicuous place on Bridge and Engine Control Room?","<Check point>
Check HRM S 521 Shipboard working Arrangement is completed and placed",MLC 2.3,HRM 8.4.2(Viii),Common,64
F605,20,2100,"Bridge Management (General)
Are the vessel’s maneuvering characteristics displayed on the bridge?","<Annotation>
For all ships of 100 meters in length and over and all chemical tankers and gas carriers regardless of size, a pilot card, wheelhouse
poster and maneuvering booklet should be provided. (IMO Res. A.601 (15))
Note:
The wheelhouse poster should be permanently displayed in the wheelhouse.(IMO Res. A.601 (15))
The OOW should be familiar with the handling characteristics and stopping distances of the ship. Section 3.10.1 /BPG, 2016
<Reference>
It should be included as follows;
 - Steering Particulars
 - Anchor Chain
 - Propulsion Particulars
 - Thruster Effect
 - Draught Increase
 - Turning Circles","SOLAS
II-1/28.3
IMO Res.
A.601(15)","ICS Bridge
Procedures
Guide 5th
Ed.
Annex A3.
Page 93)
Rightship
4.4",Common,65
F605,20,2101,"Bridge Management (General)
Are deck log books and engine movement (bell) books correctly
maintained and is an adequate record being kept of all the navigational activities, both at sea and under pilotage?","<Check point>
Logbooks, movement (bell) books and other books recording navigational activities must be written by pen.
Following shall at least be recorded:1.position,course and speed,the times and positions when passing waypoints, land or sea marks, weather & sea conditions ,                                                                                                         2.Pilot embarkation/ disembarkation,
3.connection and disconnection of tugs,
4. times of berthing and un-berthing,
5. Radar(s) performance
6. hazardous occurrences and accidents.
7. Drills Check if Logbook bears Master's signatures.",,,Common,66
F605,20,2102,"Bridge Management (General)
Has the Master written his own Standing Orders and are Bridge Orders being completed and have the deck officers countersigned them as being ead and understood?
Standing orders should be read by all officers upon joining the ship, and signed and dated accordingly.","<Check point>
Check Standing Orders.
Check if proper Standing Orders have been issued, and signed by Master and by Deck Officers.
Check if Deck Officers are familiar with Standing Orders and performed their duties.
Standing orders must at least include
1. CPA/ TCPA for collision avoidance
2. Conditions in which to call Master
3. ECDIS operations
If necessary, check the company instruction (SMS manual)
If strictly followed to company instruction, ready-made Standing Orders are also acceptable.
<Annotation>
Standing orders should be written by the Master to reflect his own requirements particular to the vessel, but the Master’s Standing Orders
must not conflict with the ship’s SMS,",,"ICS Bridge
Procedure
Guide
1.3.1
& SPM VOL I 3.1.11",Common,67
F605,20,2103,"Bridge Management (General)
At daily intervals, has Master's  Bridge Order Book been signed by each Officer and effectively used?
*All Officers must realize instructions in Master's Bridge Order.","・Check Order Book.
・Check if instructions have been entered in Order Book, and signed by Master and by Deck Officers.
・Check if Deck Officers have realized instructions in Order Book and performed duties.
At daily intervals, the Master should write in the bridge order book what is expected of the OOW for that period. These orders must be signed by each OOW when taking over a watch. (BPG 1.3.1.1)",,"ICS Bridge
Procedure
Guide
1.3.1.1
SPM VOL I 3.1.11
Rightdship",Common,68
F605,20,2105,"Bridge Management (General)
Are the deck officers’ familiar with the operators Under Keel Clearance policy, able to demonstrate satisfactory UKC and squat calculations for the last voyage and is the policy comprehensive?
Is UKC calculated and written for each leg of the Passage Plan?
Is company policy relating to underkeel clearance included as part of the Master/Pilot exchange in the form of a written underkeel calculation?","<Check point>
Check SPM N 127- Passage Plan (ECDIS Vessels) & SPM N 128- Squat Calculation
 UKC policy under different conditions viz. at Open seas, coastal waters, confined waters, at berth and reduced depth over underwater pipelines.
Check the block coefficient used for the calculation of squat is correct UKC calculations shall consider squat, tidal conditions, sea bottom, reliability of hydrographic data,  CATZOC, etc.
<Annotation>
Record in Comments, the company’s policy relating to under keel clearance requirements for ocean passage, shallow water, within port limits and while alongside the berth or at SBM/CBM
mooring.
Note: The company's policy relating to under keel clearance should be included as part of the Master/Pilot interchange in the form of a written under keel calculation. The policy must
provide a minimum allowed under keel clearance for both coastal, river navigation, while alongside and guidance on the action to be taken in shallow water to ensure the minimum clearance
is maintained.
Under keel clearance can be affected by several factors and the under keel calculations should include, but not necessarily be limited to;
 - The predicted height of the tide;
 - Changes in the predicted tidal height, which are caused by wind speed and direction and high or low barometric pressure;
 - Nature and stability of the bottom – i.e. sand waves, siltation etc.;
 - Accuracy of hydrographic data,  (References to reliability is often included on charts);
 - Change of water density and the increase in draught due to fresh water allowance;
 - The vessel’s size and handling characteristics and increase in draught due to heel;
 - Wave response allowance, which is the vertical displacement of the hull due to heave, roll and pitch motions;
 - The reliability of draft observations and calculations, including estimates of hogging and sagging;
 - Reduced depths over pipelines and other obstructions.
Accuracy of hydrographic data, (References to reliability is often included on charts or in the form of CATZOC on ENC's)* ;
*consideration of the CATZOC should be captured within the UKC calculation or policy.",4.5,"Rightship
4.8
SPM VOL I 6.4",Common,69
F605,20,2106,"Bridge Management (General)
Are auto to manual steering changeover procedures clearly identified?","<Check point>
Check near main steering position.
Simplified block diagram shall be displayed near steering stand on bridge.
<Annotation>
Simple operating instructions with a block diagram showing the change-over procedures for remote control systems and steering gear
power units shall be permanently displayed on the navigation bridge and in the steering gear compartment. (SOLAS V/26.3.1)","SOLAS
V/26.3.1",SPM VOL I Annex II D-102,Common,70
F605,20,2107,"Bridge Management (General)
Where manual steering is engaged, is the change over from auto steering should be recorded?","<Check point>
• Manual steering should be used whenever appropriate including in:
  - Areas of high traffic density;
  - Conditions of restricted visibility; and
  - Any other potentially hazardous situations and particularly when an automatic steering system may provide insufficient control",,"Section
3.10.4
Bridge
Procedure
Guide, 5th
Ed.
Rightship
4.15",Common,71
F605,20,2200,"Bridge Management (Passage Planning)
Was a comprehensive berth to berth passage plan available for the previous voyage and were the Deck Officers aware of position fixing requirements including the use of parallel indexing both at sea and during pilotage?","<Check point>
Check SPM N 100- Passage Planning, SPM N 126- Passage Plan Appraisal, SPM N 127- Passage Plan (ECDIS Vessels) & SPM N 128- Squat Calculation.
Comprehensive Berth to berth passage plan. Any amendments to passage plan shall be clearly documented.","SOLAS
V/34
STCW A
VIII Part2
IMO Res
A893(21)
3.Planning","ICS Bridge
Procedure
Guide
2
Rightship
4.24
SPM VOL I 6.1",Common,72
F605,20,2201,"Bridge Management (Passage Planning)
Is actual watch level same as the level planned in the passage plan?","<Check point>
Check SPM N 100 Passage Planning
Check by Log book or by interviewing",,SPM VOL I 6.0,Common,73
F605,20,2202,"Bridge Management (Passage Planning)
Are Deck Officers aware of the requirements for managing Navtex and Navarea Warnings and is there evidence of an effective system in place to monitor these warnings?","<Check point>
Check if NAV warnings are properly marked on relevant chart(s), read and understood by all deck officers and filed adequately.
Check to see if International NAVTEX Service, maritime safety information and meteorological forecasts are noted by Master, and utilized.
For weather chart, electronic weather charts such as ""DOSCA"" by Weathernews Inc. are acceptable.
Confirm the set area in NAVTEX.",,SPM VOL I 12.11,Common,74
F605,20,2203,"Bridge Management (Passage Planning)
Is there an effective Chart and Publication (Paper and Electronic)
Management System in place and are the Deck Officers familiar with the process including the effective management of T and P (Temporary and Preliminary) notices?","<Check point>
Check to see if the Company has provided procedures for correcting charts and nautical publications.
Check
1. How company provides latest NTMs to the fleet
2. How company provides charts and other publications in case of sudden change in voyage orders. PDF copies of charts is not
acceptable as means of safe navigation.
3. NP133C Admiralty ENC Maintenance Record book should be available on board.
4. Is a copy of the International Code of Signals and a copy of Volume III of IAMSAR manual available and updated?
<Annotation>
Nautical charts, loadline charts,  and nautical publications,such as sailing directions, lists of lights, notices to mariners, tide tables and all
other publications necessary for the intended voyage, shall be adequate and up to date. (SOLAS V/27)","SOLAS
V/27","ICS Bridge
Procedure
Guide 5th
Ed.
4.12
Rightship
4.17, 10.9
SPM VOL I 6.6",Common,75
F605,20,2204,"Bridge Management (Passage Planning)
Were appropriate charts and publication used during the previous voyage?","<Check point>
Check if marine charts of area either transited or to be transited are in good order.
Check publications(electronic data) aboard.
<Annotation>
Note: For ocean passage planning and open water legs, the largest scale charts that are appropriate should be used.
The following publications shall be available on board and referred to when the primary means of navigation is ECDIS:
• NP 231 Admiralty Guide to the Practical Use of ENC's;
• NP 5012 Admiralty Guide to ENC Symbols Used in ECDIS",,"Sections
2.3.1 BPG
5th Ed.
Rightship
4.18
SPM VOL I 6.6",Common,76
F605,20,2205,"Bridge Management (Passage Planning)
If ECDIS is fitted and used as primary means of navigation,
are Master's instructions (or in passage plan) available for danger detection settings (Look Ahead etc.) and Safe Water Settings (e.g. Safety Depth etc)?
Safety Contour shall not be less than Safety Depth.
Are officer's aware of the method and area of detection with regard to ECDIS's features (e.g. does it detect on CMG or Heading etc).
(If ECDIS has option of choosing detection reference, it is recommended to be set along CMG).","<Check point>
Check the Master's instruction on danger detection settings.
Ask them the meaning of those settings and check their familiarity.
It is recommended to use time based value for look ahead instead of distance based value.
Check settings and confirm there are no large variance with NYK Standard figures. (It is not compulsory but preferable if the company
has own standards/recommendation on it)",,SPM VOL I 10.2.8,Common,77
F605,20,2209,"Bridge Management (Passage Planning)
If ECDIS is fitted and used as primary means of navigation, are Markings such as No Go Areas (Limiting Danger Line), Call Master, Abort Points, Contingency Anchorages etc drawn on ECDIS properly?
Are No Go Areas (Limiting Danger Line) plotted on shallow area less than or equal to Safety Depth and around isolated danger inside the Safety Contours?","<Check point>
Check if those information are used in the ECDIS.
Check if the company or SMS clearly define which is the Primary means of navigation.
It is recommended to make those Markings as User Chart/Notes/Maps instead of making by Manual update for the ENCs, so that it can
be used on the other vessels.",,SPM VOL I 6.3.3,Common,78
F605,20,2210,"Bridge Management (Passage Planning)
If ECDIS is fitted and used as primary means of navigation, is route verification (route check) done properly ?
Is route validation done by Master (includes automatic verification again, set parameters and physically planning through the entire planned route to confirm route is safe)?
Is only validated route used in Monitoring Mode of ECDIS?","<Check point>
On Planning mode, no alarm will be activated.
To use it on Monitoring mode, verification is necessary.
Only after verification, the route can be used on monitoring mode.
Check name of the route for verification status.
For FURUNO, the name is in Green if already verified.
For JRC, the name is followed by ""OK>"" if already verified.
When verify the route, the Master is advised to also check if the settings
are appropriate.",,SPM VOL I 12.2.4,Common,79
F605,20,2211,"Bridge Management (Passage Planning)
If ECDIS is fitted and used as primary means of navigation, has the intervals of position comparison been specified by Master or Company?
(clearly state in Passage Plan or Master's Standing Order or Master Order Book or ECDIS checklist or so on)","<Check point>
Check if interval of position fixing is available. It may be noted in the Masters standing order, Bridge notebook, Master Order Book,
ECDIS checklist etc.",,SPM VOL I 6.3.6,Common,80
F605,20,2212,"Safety Management (Passage Planning/Security)
Does the Passage Plan include security related information and company instructions?","<Check point>
The security related information on the Passage Plan should include but not be limited to:
• Changes to security levels.
• Changes in bridge manning levels (e.g.: extra lookouts).",,"Rightship
11.8",Common,81
F605,20,2213,"Safety Management (Passage Planning/Security)
Does the vessel have a voyage/transit security risk assessment?","<Check point>
The security related information on the passage plan should include but not be limited to:
• Changes to security levels.
• Changes in bridge manning levels (e.g.: extra lookouts).
• Points where the vessel should be hardened (refer OCIMF Guidelines for vessel hardening).",,"Rightship
11.9",Common,82
F605,20,2300,"Bridge Management (Watchkeeping)
Has the Bridge been adequately manned at all stages of the voyage and at Anchor and were lookout arrangement adequate?
Is a  systematic lookout maintained using combination of methods (visual check using the naked eyes or binocular, RADAR/ARPA, hearing, etc.).
Are conditions under which Master must be called available?
Is Anchor Watch Checklist (ship's position, weather etc.) used?","<Check point>
Check SMS Manuals and/or instructions in writing from Company.
Watch level on bridge shall be consistent with various conditions viz. traffic concentration, other navigational hazards, weather, visibility,
Day/ Night and with due regards to fatigue control of Bridge team members.
Bridge shall always be manned at Anchorage. Check if Master carried out thorough R.A. prior deciding One man watch on Bridge.
<Annotation>
Every vessel shall at all times maintain a proper look-out by sight and hearing as well as by all available means appropriate to the prevailing circumstances and conditions as to make a full appraisal of the situation and the risk of collision. (Colregs Rule 5)
The look-out must be able to give his full attention to the keeping of a proper look-out and no other duties shall be undertaken or assigned which could interfere with that task. (STCW A-VIII/2-3.1/14)(STCW A-VIII/2-3.1/14)
The officer in charge of the navigational watch may be the sole look-out in daylight provided that on each occasion:
 - The situation has been carefully assessed and it has been established without doubt that it is safe to do so
 - Full account has been taken of all relevant factors including but not limited to:                                                                                                                                                                                                           o State of weather                                                                                                                                                                                                                                                                                                                                             o Visibility
o Traffic density
o Proximity of dangers to navigation; and
- The attention necessary when navigating in or near traffic separation schemes
- Assistance is immediately available to be summoned to the bridge when any change in the situation requires. (STCW A-VIII/2-3.1/15)
It is of special importance that at all times the officer in charge of the navigational watch ensures that a proper look-out is maintained. In a ship with a separate chartroom
the officer in charge of the navigational watch may visit the chartroom, when essential, for a short period for the necessary performance of navigational duties, but shall first
ensure that is safe to do so and that a proper look-out is maintained. (STCW A-VIII/2-3.1/32)
Note:
The company’s navigational instructions and procedures must contain guidance relating to circumstances when the officer of the watch may be the sole lookout including considerations that the OOW has had sufficient rest prior to starting the watch.
The experience of the watch officers, weather and traffic conditions will dictate the required bridge manning composition at any specific time. Each stage of the voyage must
be reviewed to establish that sufficient personnel were on the bridge and that an effective communications and teamwork structure was in place. Inspectors must take into
account the impact of additional bridge manning upon the work load of any individual and impact of hours of rest regulations.","STCW
Code A
VIII/2-3.1/14
VIII/2-3.1/15
VIII/2-3.1/32",SPM VOL I 4.2.2,Common,83
F605,20,2301,"Bridge Management (Watchkeeping)
Has the vessel been safely navigated in compliance with international regulations? And are Deck Officers familiar with these requirements?","<Check point>
Check SPM N 116- Bridge Familiarisation & SPM N 117- ECDIS Familiarisation
ENC’s/Charts of the last voyage should be checked:
• Largest scale charts to be available with route plotted;
•  Record of weather forecast;
• Appropriate measures to be taken to comply with environmental requirements and regulations;
• Safety and alarm setting of ECDIS;
• Maintenance of safe distance off the coast, from prohibited area and dangerous wrecks;
• Adequate bridge manning to ensure a proper look-out;
• Ship’s position confirmation at appropriate intervals;
• Weather monitoring by making regular barometer observations;
• NAVAREA navigational warning broadcasts where applicable checked;
• Participation in area reporting systems; and
• Gyro and magnetic compass errors and radar performance checked properly.","SOLAS
V/10.7",SPM VOL I 5.1.3,Common,84
F605,20,2302,"Bridge Management (Watchkeeping)
Was position fixing including the use of parallel indexing satisfactory throughout the previous voyage and the frequency of plotted fixes in accordance with the passage plan?","<Check point>
Check on previous charts if Position fixing method and frequencies are as per Passage Plan AND P.I. correctly marked on charts.
<Annotation>
Fixed points such as lighthouses and headlands should always be used in preference to floating objects, which should be carefully checked for position before being used for parallel indexing.",,"ICS Bridge
Procedure
Guide
4.11.9.1",Common,85
F605,20,2303,"Bridge Management (Watchkeeping)
Was the track of the ship monitored during the pilotage?","<Check point>
Check if the position is fixed regularly and LOP (Lines of Position).
Radar Information Overlay (RIO) function is utilized.
Check on previous charts if Position fixing method and frequencies during pilotage are as per Passage plan and P.I. correctly marked on charts.
Maximun interval for ECDIS time label 15mins at coastal area.
<Annotation>
The safe progress of the ship as planned should be monitored closely at all times. This will also include track monitoring and regular fixing of the position of the ship, particularly after each course alteration, and monitoring under keel clearance.
Verbal orders from the Pilot also need to be checked to confirm that they have been carried out correctly. This will include monitoring both the rudder angle and rpm indicators when helm and engine orders are given",,"BPG 5th
Ed.
Section
5.5.1
Rightship
4.26
SPM VOL I 6.3.6",Common,86
F605,20,2304,"Bridge Management (Watchkeeping)
Do the Deck Officers understand what to hand over to watch relievers?","Attend actual turning over of the watch and check if the successor is informed of important information. Especially, the movement of other vessel which has risk of collision or which would have risk of collision shall be informed",,SPM VOL I 5.1.4,Common,87
F605,20,2305,"Bridge Management (Watchkeeping)
Have procedures been established in Manuals for voyage in each of:
1) Restricted Visibility
2) Heavy Traffic Water Passage
3) Confined Water Passage
4) Heavy Weather
5) Navigation in Ice (applicable vessels only)","- Check by interviewing Master and Deck Officers following checklist provided by the company are being used:
 - SPM N 109- Navigation in Restricted Visibility
- SPM N 108- Navigation in Coastal and Restricted Waters
- SPM N 107- Navigation in Pilotage Water
- SPM N 110- Navigation in Heavy Weather
- SPM N 113- Navigating in Ice
- SPM N 114- Navigation in Polar Waters",,SPM VOL I 7.0,Common,88
F605,20,2306,"Bridge Management (Watchkeeping)
Are the officers familiar with operation of crash astern?
Are Deck Officers familiar with how to slow down the M/E (such as overriding speed reducing program etc.) in emergency?","<Check point>
Check by interviewing the Master and Deck Officers.
Check if the Master and Deck Officers understand procedures for crash astern, reducing or increasing of main engine speed.
Check if clear procedure for ME operation and if copy posted on the Bridge.",,SPM VOL I 5.1.6,Common,89
F605,20,2307,"Bridge Management (Watchkeeping)
Have instructions about radar operation been provided by the Company?
*At least one of radar installations must be operated at sea.","<Check point>
Check SMS Manuals, etc.",,SPM VOL I 12.4,Common,90
F605,20,2308,"Bridge Management (Watchkeeping)
Have radar installations been operated according to the Company's instructions?","<Check point>
Check by interviewing the Master and Deck Officers.
Check Radar Logbook, etc.
Note one of radar installations has always been operated.
Note two radar installations have been operated in parallel in condition of reduced visibility, narrow channels or congested waters.",,SPM VOL I 12.4.1,Common,91
F605,20,2309,"Bridge Management (Watchkeeping)
Has the RADAR and ARPA been used for avoidance of collision?
*Values of CPA and TCPA Alarm must be specified by Master.","<Check point>
Check the radar installations as well as instructions in writing.
Also, check values of:
1) CPA; and
2) TCPA.
3) ECDIS not used for collision avoidance.
<Annotation>
Check proper RADAR watch especially in congested waters and restircted visibility.
Targets acquired / plotted.
Range / sensitivity setting properly adjusted.","STCW
Code A
VIII/3-1 17.4",SPM VOL I 5.3,Common,92
F605,20,2310,"Bridge Management (Watchkeeping)
Has the GPS been adjusted to the correct datum?","<Check point>
Check if OOW is aware of the procedure of adjusting correct chart datum.
<Annotation>
Notes: ENCs use WGS 84 as the geodetic datum, which is compatible with GPS systems without the need for correction.",,"BPG 5th
Ed.
Section
4.12.3.1
Rightship
4.27
SPM VOL I 12.3",Common,93
F605,20,2311,"Bridge Management (Watchkeeping)
Was the Bridge Navigational Watch Alarm System (BNWAS) operational when underway and at anchor and required tests conducted and recorded in the log book?
Is BNWAS operation on/off, recorded in the deck log book (for Rightship)?","As per IMO  MSC.1/Circ.1474, BNWAS shall not be operated in ""AUTO"" mode. Also, check if Master keeps the key of BNWAS in his
possession to ensure Inhibit duration is not altered without his knowledge and authorization.
<Annotation>
All ships of 150 gross tonnage and upwards shall be fitted with a bridge navigational watch alarm system (BNWAS).
The bridge navigational watch alarm system shall be in operation whenever the ship is underway at sea. A bridge navigational watch alarm system (BNWAS) installed prior to 1 July 2011 may subsequently be exempted from full compliance with the standards adopted bthe Organization, at the discretion of the Administration (SOLAS 19.2.2.3)","SOLAS
V/19.2.2.3
MSC. Circ
128(75)","BPG 5th
Ed.
Section 1.3
Rightship
4.13
SPM VOL I 12.8",Common,94
F605,20,2312,"Bridge Management (Watchkeeping)
If ECDIS is being utilized as primary means of Navigation, does the SMS contain instructions concerning the use of ECDIS?","<Check point>
Check if there is specific detailed procedure for usage of ECDIS in the SMS manual.
The following key elements to be considered: safety setting alarms ,cross track errors, guard zone/safety frame, CATZOC, charts managements, change over the watch, ECDIS equipment and sensors failure contingency planning.
<Additional check point for NYK owned vessels only>
Check if ""NYK Standard for Navigation using ECDIS"" is kept on Bridge. and
is reflected to the procedure <Additional check point for chartered vessels only>
Check if there is a procedure and the contents is not quite different from NYK standards.",,"Rightship
4.1
SPM VOL I 12.2",Common,95
F605,20,2313,"Bridge Management (Watchkeeping)
If ECDIS is fitted and used as primary means of navigation, does the navigation officer understand the kind and meaning of the alert?
Is the handling of alarm appropriate? Does officer acknowledge it without confirming the cause?
 - Alarms should not be reposed or set as OFF.","<Check point>
Check by observing how they treat alerts.
Check by interviewing the meaning of the alert when alert comes.",,,Common,96
F605,20,2314,"Bridge Management (Watchkeeping)
Has periodic check of nautical instruments been made according to the Bridge Daily Checklist?
 - Radar, ARPA, auto pilot, gyro compass, magnetic compass, GPS, chart
plotter, ECDIS, AIS, LRIT, VHF, navigation lights, etc.
While the radar is working, do officers check that efficiency is kept to optimal by a performance monitor (self-diagnosis) for every duty, and are they recording the result?","<Check point>
Check .
Company must specify ""intervals of check.""
*Whenever on watch, the Deck Officers must determine compass errors, and test automatic pilot manually.
<Annotation>
Note: Regardless of whether a vessel is required by legislation to carry specific navigational equipment, if equipment is fitted then it
should be operational. Random checks should be made to ensure that equipment is operational.
<Annotation>
Note: Primary and secondary systems should be in good order, and there should be a procedure to check the navigation light failure
alarm, and should be posted in Bridge (Rightship).
In 2002, due to the revision of the ship and equipment regulations, sextants and sights were not required.",,"Rightship
4.12",Common,97
F605,20,2315,"Bridge Management (Watchkeeping)
Are the Standard Magnetic and Gyro compasses in good order, is the OOW aware of the requirements for taking compass errors and is the compass error book maintained?","<Check point>
Check Compass Error Book or Compass Journal.
Compass error shall be obtained
1. during each watch and
2. after large alteration of course
Where weather conditions or traffic density makes it impractical, this fact can be recorded in the Deck (Ship's) Log Book or Compass Error Book.
<Annotation>
Magnetic and gyro compass errors should be checked and recorded each watch, where possible, using either azimuth or transit bearings. A deviation
card for the magnetic compass should be maintained and be available to the Bridge Team. (5th edition BPG 4.3.4)",,"ICS Bridge
Procedure
Guide 5th
Ed.
4.3.4
Rightship
4.6
SPM VOL I 12.5",Common,98
F605,20,2316,"Bridge Management (Watchkeeping)
Is the echo sounder recorder marked with a reference date and time on each occasion it is switched on? (applicable to ships with printer) Are Master and Deck Officers aware of the requirements for the echo sounder and is there evidence that it has been in use as appropriate
during the voyage?","<Check point>
Starting/ Stopping Date/ Time of echo sounder shall be marked with initials of OOW.
For in-port inspection, check only if there is record of date and time of soundings started.

<Annotation>
The echo sounder should always be used when making a landfall and kept switched on in coastal and pilotage waters. If the echo
sounder is fitted with a shallow water alarm, the alarm should be set to an appropriate safe depth to warn of approaching shallow water.
(5th edition BPG 4.5)
The date and time of switching on should be marked on the recorder chart where provided. In
addition, the date and time of passing significant land or seamarks should be marked on the recorder (tanker only).
Many modern electronic echo sounders have an in-built 24-hour memory which can be recalled in lieu of paper trace. If an electronic memory is not provided, the echo sounder should be provided with a printed record. It is acceptable evidence for the echo sounder history to be noted from the ECDIS data. .",,"BPG 4.5
Righship
4.23
SPM VOL I 12.6",Common,99
F605,20,2317,"Bridge Management (Watchkeeping)
Is positional reliability of GNSS checked by Position Comparison?
Is evidence of position comparison available?
Are positions being checked/compared by plural methods? (Compare GPS No.1 and No.2, Radar Information Overlay, Parallel Indexing, Manual
Fixes, etc)","<Check point>
Check the evidence (Check record or Screenshot/Play Back on the ECDIS etc.)
Check if position comparison is done by plural methods.",,,Common,100
F605,20,2400,"Bridge Management (Entering & Leaving Harbour)
Have procedures for entering/leaving port been established?
 - Anchoring/mooring operation
 - Radar/steering gear parallel operations; and
 - Astern engine/engine tests.","<Check point>
Check SPM N 102 Pre Arrival Pre Departure
Check if procedures for entering/leaving port include following:
 1) Windlass/Mooring winch test.
 2) Radar/steering gear parallel operations; and
 3) Astern engine/engine tests.",,SPM VOL I 9.0,Common,101
F605,20,2401,"Bridge Management (Entering & Leaving Harbour)
Did the vessel conduct Astern engine operation before entering port?","<Check point>
Check Log Book/Bell book and Telegraph logger and confirm Astern Engine Test is actually carried out in timely manner.",,SPM VOL I 9.1.3,Common,102
F605,20,2402,"Bridge Management (Entering & Leaving Harbour)
Are procedures in place for the testing of bridge equipment before arrival and departure  and check-lists in effective use for pre-arrival, predeparture, watch handover and
master-pilot exchange?
Before entering port, restricted or coastal waters checklist used?","<Check point>
Check SPM N 101- Steering gear Test & SPM N 102 Pre Arrival Pre Departure
<Annotation>
The administration may waive the requirements to carry out the checks for ships which regularly engage on voyages of short duration.
Such ships shall carry out these checks and tests at least once a week. (SOLAS V 26.5).
Note:  Evidence of completion of checklist should be sought.","SOLAS
V/26.","ICS Bridge
Procedure
Guide 5th
Ed.
3.18.1
Rightship
4.5",Common,103
F605,20,2403,"Bridge Management (Entering & Leaving Harbour)
Are checklists for pre-arrival, pre-departure, watch handover, Pilot-Master exchange and pilot card effectively completed?","<Check point>
Check by interviewing the Master.
Check SPM N 102 Pre Arrival Pre Departure, SPM N 104-Taking Over Navigation Watch, SPM N 106-Master - Pilot Information Exchange, SPM N 105- Pilot Card are correctly filled.
<Annotation>
Note: The Master and pilot information exchanges must be completed by both the Master and the pilot. Each Master to pilot exchange must include a minimum under keel clearance calculation and limitations relating to the maximum permissible bollard pull from tugs that are to be utilized, taking into consideration the SWL of the fairleads and bitts. Details of defective equipment that might affect the safe navigation of the vessel must be recorded on the Master to pilot exchange.","IMO Res
A.601(15)","BPG 5th
Ed.
SPM VOL I 7.3",Common,104
F605,20,2404,"Bridge Management (Entering & Leaving Harbour)
Does the Master request Pilot to communicate in English/interpret communications with tugs, VTIS, Port Control  etc.  whilst maneuvering?","<Check point>
Check by interviewing,
or check by observing actual watch keeping",,,Common,105
F605,20,2405,"Bridge Management (Entering & Leaving Harbour)
Does the Master have emergency contact numbers (mobile phone number etc.) for agents and a way to arrange tugboat even night time and holiday ?","<Check point>
Check by interviewing the Master.
If Contact No is available in recent e-mail transaction, it is acceptable.
SOPEP shall be updated including emergency contact of present port, as a rule.",,,Common,106
F605,20,2500,"Bridge Management (Anchoring)
Is there a procedure and the Master aware to slip the anchor? (e.g. cutting anchor chain)","<Check point>
Check by interviewing the Master.","ISM Code
8",,Common,107
F605,20,2501,"Bridge Management (Anchoring)
Is Warning wind (wind speed with greater likelihood of dragging) decided? Does the Master know the critical wind velocity for dragging anchor?
Does the vessel use Anchor Watch Checklist to check ship's position, weather etc?","<Check point>
Check SPM N 115 Anchoring and Anchor Watch
Check by interviewing with the Master.
Check if the warning wind is set with considering reasonable margin to the critical wind velocity.
It is not necessary to calculate critical wind velocity for dragging anchor every anchoring. Especially when short period anchoring and rough weather is not expected.","STCW
section BVIII
/ 2 ,Part 4-1",SPM VOL I 10.1.2,Common,108
F605,20,2600,"Bridge Management (Chart & Nautical Publication)
If ECDIS is used as primary means of navigation, are ENCs and RNCs being updated?
Is proper record keeping of Manual Updates and removal of manual updates maintained?","<Check point>
Check the procedure for Cell update
Check record of cell update
Sample check of update of Raster Chart and compare with the record.
NP133C Admiralty ENC Maintenance Record book should be available on board.
(Normally, ENC is used with correction. If you have RNC (not corrected and scanned only), manual revision will be required.",,"Rightship
4.17
SPM VOL I 12.2.20",Common,109
F605,20,2601,"Bridge Management (Chart & Nautical Publication)
If ECDIS is used as primary means of navigation, and if the vessel has paper charts as backup  arrangement, is the route and other necessary information available on the paper charts?","<Check point>
Check back up charts and all necessary information including course line, No Go Area etc. are written on the charts.",,,Common,110
F605,20,2700,"Bridge Management (Communication)
Are Lists of Radio Signals, Lists of Lights, Tide Tables, Sailing Directions, Nautical Almanac, Summary of Notices to Mariners and the Chart Catalogue the latest edition and corrected up to date?
If e-Publications as stated in SEC Form E, is there a back-up system and
updated?","<Check point>
Check Company's procedures for correcting publications and see records of correction.
Check records of correction.",,"Rightship
4.17
SPM VOL I 6.6.7",Common,111
F605,20,2701,"Bridge Management (Communication)
Are the vessel’s Call Sign and Inmarsat ship station identity (MMSI) clearly marked on the radio installation?","<Check point>
Check marking",,,Common,112
F605,20,2702,"Bridge Management (Communication)
Is the radio logbook correctly maintained with entries
of GMDSS equipment tests?","<Check point>
Check Radio Log.
<Annotation>
The following should be being recorded:
 - A summary of communications relating to distress, urgency and safety. This includes any periods when a radio watch is discontinued
and the reasons for doing so;
 - The identities of other stations with which the ship communicates or attempts to communicate; · Records of any difficulties experienced
with communications;
 - the position of the ship at least once per day;
 - Incidents involving unnecessary or inappropriate transmissions with the identities of the stations concerned, if known;
 - Cancellation of any false alerts.
 - A summary of the condition of the radio equipment, including its sources of energy;
 - Personnel assigned responsibility for sending a distress alert instructed to operate properly all radio equipment on the ship;
 - Necessary instruction and information on the use of the radio equipment to relevant crew members;
 - Pre-sailing checks to ensure that all equipment is in an efficient working condition;
 - The results of the testing of the DSC distress and safety radio equipment by means of a test call at least once a week;
 - The results of the testing of the distress and safety radio equipment by means of a test at least once each day but without radiating any
signal;
 - The on-load and off-load daily test of the batteries;
 - The results of the weekly hydrometer or load test of the batteries;
 - The results of the monthly security check of each battery and its connections. (MSA Radio Log )",,SPM VOL I 5.5.8,Common,113
F605,20,2800,"Bridge Management (BRM/BTM)
When conn is delegated from the Master to the Deck Officer or vice versa, is it clearly announced and recorded in the deck (ship's) Log Book?","<Check point>
Check deck (ship's) Log Book.",,SPM VOL I 5.1.4,Common,114
F605,20,2801,"Bridge Management (BRM/BTM)
Is Bridge Team Management performed effectively?
Are bridge team members tasks clarified?
Is watch level maintained in accordance with the passage plan?
Are role assignment of bridge team members functioning properly?
Is communication between bridge team members efficient?","<Check point>
Check if the actual watch is equal to or higher than the level stated in the bridge notebook.
Check if the roles such as reporting other vessels' movement or position fixing etc. are effectively shared.",,,Common,115
F605,20,2802,"Bridge Management (BRM/BTM)
Have explanation of the concept of Bridge Resources Management (BRM) / Bridge Team Management (BTM) and procedures of practice of BRM/BTM been established?","<Check point>
Check if there is procedure.",,,Common,116
F605,20,2803,"Bridge Management (BRM/BTM)
For Leaving/Entering port or Passing Narrow Channel, is the mplementation system of Bridge Resources Management (BRM) / Bridge Team Management (BTM) planned, and is a briefing carried out and is uch plan explained to all Bridge Team Members (incl. QM, and C/E) and PIC on Fwd. & Aft stations?
Are the record of such briefing available?","<Check point>
Check by interviewing.
Check by observing actual watch keeping.",,,Common,117
F605,20,2804,"Bridge Management (BRM/BTM)
Has the debriefing been held within Bridge Team Members (incl. QM, and C/E) and PIC on Fwd. & Aft stations?
Does the Master evaluate adequacy of the passage plan based on whether the navigation was performed as per the plan, BRM/BTM was suitable and any errors or special condition were experienced etc.?
Are the record of de-briefing (evaluation) available?
Are any comments deemed significant for sharing with other vessels reported to the company?","<Check point>
Check record of de-briefing
Check if review is done items including following
 -  Reports to the Master were done in a positive manner
 -  Intention of Pilot was confirmed by the Master",,,Common,118
F605,20,2805,"Bridge Management (BRM/BTM)
Does the Master and OOW’s utilize navigational charts, ECDIS monitoring functions and information shown on the Bridge Notebook properly and constantly confirm that the passage is going as it is planned?","<Check point>
Check by interviewing,
or check by observing actual watch keeping",,,Common,119
F605,20,2806,"Bridge Management (BRM/BTM)
Does the Bridge Team Members report necessary items to the Master and the Pilot aggressively when on board?
If it is noticed that the vessel has deviated from the planned course, from speed reduction plan or any such deviation from originally discussion during Master-Pilot Information Exchange, does officers report the fact to
the Master and the Pilot  and confirm such situation?","<Check point>
Check by interviewing,
or check by observing actual watch keeping",,,Common,120
F605,20,2807,"Bridge Management (BRM/BTM)
Have caution points for any critical maneuvers involved e.g. turning in a basin, stern approach,joining/leaving/crossing TSS been explained in
advance?
Are role assignment of Bridge Team Members clarified?
Does the Master explain what reports are required by the officers, and tell his intention?
Does Bridge Team Members understand the importance of aggressive communication between them?","<Check point>
Check bｙ interviewing with the master / officers.
Check by observing actual watch keeping.",,,Common,121
F605,20,2900,"Bridge Management (Others)
Are latest edition of publications on board","<Check point>
Check SPM N 131  - Standard publications list and Take me home Charts",,SPM VOL I 6.6.11,Common,122
F605,20,3200,"Deck Management (Navigation Equipment-1)
Is ARPA in good working order?
Do vessel's log and speed indicators providing inputs to the ARPA  of vessel's speed?","<Check point>
Check to see if vessel's log and speed indicators providing inputs to the ARPA provide vessel speed.
Note GPS does not provide inputs to the ARPA.
*Manual inputs are also acceptable.",,SPM VOL I 7.4.3,Common,123
F605,20,3201,"Deck Management (Navigation Equipment-1)
Is the Gyro Compass and repeaters in good working order?
Are all repeaters synchronized with the master compass?
Is latitude and speed-adjustment proper?","<Check point>
If Gyro error is consistently more than 1deg, it is indicative of defect in it.",,SPM VOL I 12.5.3,Common,124
F605,20,3202,"Deck Management (Navigation Equipment-1)
Is the Standard Magnetic Compass in good working order?
Are there any bubbles in compass bowl?  Is lighting adequate?
Is it clearly visible from the steering stand?","<Check point>
Check to see if any light bulb has burnt out.
Check to see if there are abnormal bubbles, etc.
Check Compass Error Book or Compass Journal.
Check
1. last adjustment of magnetic compass by authorized adjuster
2. Master's deviation curve within past 12 months
3. Verify if deviations obtained by OOW are consistent with latest deviation curve values.
If the deviation is more than 5 degrees, recommend the adjustment.
Read out of magnetic compass shall be clearly visible on bridge at steering stand 15deg either side of ship's heading.
Spare bulbs for illumination of magnetic compass shall be on board.
Azimuth Circle/ pelorus or other means like shadow pin if authorized by flag.",,SPM VOL I 12.5.1,Common,125
F605,20,3203,"Deck Management (Navigation Equipment-1)
Are the Radar(s) in good working order?
Is Radar Blind Sector poster displayed on the Bridge?","<Check point>
Check if Magnetron
1. Running hours are within manufacturer's prescribed time
2. Performance monitor readings are within tolerable limits as per RADAR manufacturer's manual
<Annotation>
Specified in SOLAS regulation V/22 “Navigation bridge visibility” to facilitate the tasks to be performed by the bridge team and the pilot in making full appraisal of the situation and in navigating the ship safely under all operational conditions as specified in SOLAS regulation
V/15.1 should be provided at bridge workplaces which include the task of conning,","SOLAS
regulation
V/22
“Navigation
bridge
visibility”
 SOLAS
regulation
V/15.1",SPM VOL I 12.4.3,Common,126
F605,20,3300,"Deck Management (Navigation Equipment-2)
Is Voyage Data Recorder (VDR) in good order?
 - Is the performance test of VDR(Voyage Data Recorder)/SVDR(Simplified Voyage Data Recorder) carried out once a year, and have a certificate of conformity?
 - Is there any error code in a screen?  When there is an error code, can
navigation officers recover?
 - Is condition of VDR/SVDR good?
　*Are a mount and the state of fixation good?
　*Is condition of the connector for data extraction by the exterior good?","<Check point>
Check
1. annual performance test certificate within valid date range
2. Condition of foundation of VDR (Orange colored unit) fitted on Compass Deck.","SOLAS
Ｖ/18.8
V/20.1","BPG 5th
Ed. 4.8
Rightship
4.16
SPM VOL I 12.13",Common,127
F605,20,3301,"Deck Management (Navigation Equipment-2)
Are deck officers familiar with the procedure to preserve the VDR data in the event of an incident?","<Check point>
Check if
1. Officer is aware of procedure of downloading or saving data (depends on manufacturer)
2. Spare data disk and download cable placed next to VDR (applicable)
3. Testing is required annually, and should always be carried out following repair or maintenance work to the VDR or to any source
providing data to the VDR.
4. Company’s policy within the SMS relating to the playback of VDR data (Rightship).",4.11,"BPG, 5th
Ed.
Sections
4.8.3/4.8.4/
4.8.5
Rightship
4.16
SPM VOL I 12.13.2",Common,128
F605,20,3302,"Deck Management (Navigation Equipment-2)
Are navigation lights and screen in good order and is there a procedure for regular tests of the failure alarm systems?
Is the OOW aware of the procedures for testing and actions in event of failure?","<Check point>
Condition of screens of navigation lights (Shall be painted with matt black)",,SPM VOL I 12.7,Common,129
F605,20,3303,"Deck Management (Navigation Equipment-2)
Is Automatic Identification System (AIS) in good working order?","<Check point>
Should be switched on all the time.
Shall be either interfaced with RADAR or installed near it.
OOW shall be aware of ""Pilot Plug"".","SOLAS
V/19.2.4.7
MSC
Circ.1254","ISGOTT
4.8.4
STS
Transfer
Guide
petroleum
3.5.5.4
Rightship
10.13",Common,130
F605,20,3304,"Deck Management (Navigation Equipment-2)
Is the echo-sounding device in good working order?","<Check point>
Check to see if performance of the echo sounder confirmed by the officers  have been conducted.
Check if printout is clear for all ranges. (Some echo sounders which is capable of keeping the data of last 24hrs or more, do not need recording paper.)",,"BPG 5th
Ed. 4.5
Rightship
4.23
SPM VOL I 12.6",Common,131
F605,20,3305,"Deck Management (Navigation Equipment-2)
Are the vessel's clock, data logger for engine motion, and course recorder adjusted and in good order?","<Check point>
Check adjustment of the vessel's clock, etc.
N.B. Some instruments employ UTC.
<Annotation>
Note: Regardless of whether a vessel is required by legislation to carry specific navigational equipment, if equipment is fitted then it should be operational. Such equipment may be a course recorder, off-course alarm, and electronic chart display or engine order logger/printer. Random checks should be made to ensure that equipment is operational.",,,Common,132
F605,20,3306,"Deck Management (Navigation Equipment-2)
Are the speed and distance indicators in good order?","<Check point>
Check to see if the speed indicator shows zero OG while vessel is on berth.
Note both indicators are in good order at sea.",,,Common,133
F605,20,3307,"Deck Management (Navigation Equipment-2)
Are rudder angle, RPM, variable pitch propeller, and bow thruster indicators in good order?","<Check point>
Check to see if each indicator shows zero while vessel is on berth.
Note each indicator is in good order at sea.
Check if the illumination of all indicator dials is operational and that the markings of dials is not faded out.",,,Common,134
F605,20,3308,"Deck Management (Navigation Equipment-2)
Is the rate of turn indicator in good order?","<Check point>
Check to see if each indicator shows zero while vessel is on berth.",,,Common,135
F605,20,3309,"Deck Management (Navigation Equipment-2)
Is the barometer in good order?
Is the barometer calibrated at least once every year?
Calibration by use of facsimile / e-mail service is also acceptable.","<Check point>
Check date of barometer calibrated.
Check if barometer is calibrated against standard once every year.
Calibration by use of facsimile / e-mail service is also acceptable.",,,Common,136
F605,20,3310,"Deck Management (Navigation Equipment-2)
Are whistle, bell, and gong in good order?","<Check point>
Check equipment","COLREGs
D/33.a",,Common,137
F605,20,3311,"Deck Management (Navigation Equipment-2)
Are the shapes in good order?","<Check point>
Check equipment",,,Common,138
F605,20,3312,"Deck Management (Navigation Equipment-2)
Is the sound reception system in good order?","<Check point>
Check equipment",,,Common,139
F605,20,3313,"Deck Management (Navigation Equipment-2)
Is the daylight signaling lamp in good order?","<Check point>
At least One Daylight signaling lamp, Spare battery, battery charger and three spare bulbs","SOLAS
V/11",,Common,140
F605,20,3400,"Deck Management (Communication Equipment)
Is there a maintenance programme in place to ensure availability of the radio equipment?","<Check point>
Check Safety Radio Certificate","SOLAS
IV/15.6
IV/15.7",,Common,141
F605,20,3401,"Deck Management (Communication Equipment)
Is the communications equipment in good order?","<Check point>
All radio equipment fitted shall be in good working order. At the minimum, the list of working equipment shall not be less than what is described in Form ""R"".",,"Rightship
10.6",Common,142
F605,20,3402,"Deck Management (Communication Equipment)
Is the NAVTEX receiver in good order?","<Check point>
NAVTEX shall be correctly programmed for the area vessel is navigating in.
<Annotation>
Every ship shall be provided with a receiver capable of receiving international NAVTEX service broadcasts if the ship is engaged on voyages in any area in which an international NAVTEX service is provided. (SOLAS IV/7.1.4)
Notes: The Navtex system broadcasts coastal warnings which cover the area from the fairway buoy out to about 250 miles from the transmitter, or occasionally up to 400 miles in unusual preoperational conditions.

The Navtex should be programmed to the stations for the area in which the vessel is sailing and to the type of B2 messages which are required to be received. Message types A, B and D are mandatory, but it is recommended that the receiver be programmed to receive most types.","SOLAS
IV/7.1.4",,Common,143
F605,20,3800,"Deck Management (Accommodation & Stores)
Is the hospital alarm system, where fitted, in good order and used as required?","<Check point>
Check switches, lamps and Form SPM E 423 Emergency Equipment Alarm testing Record",,SPM VOL II 5.4.13,Common,144
F605,20,7102,"Emergency Preparedness (Contingency Plan)
Is crew familar with procedures for following  provided by the Company?
 - Fire, collision, grounding/stranding, main engine failure, steering failure, blackout, oil spill, man overboard, injury, death, flooding in engine room, major critical machinery failure,.
Does the vessel master hold the first report format of a marine accident to the company by telephone?
Is the shore staff's support assumed by the procedure if necessary?","<Check point>
Check crew fimilarity with Shipboard Emergency Manual
Check record whether SEM S -822 Initial Incident Notification is being utilized by the vessel.",,SEM 4.0,Common,145
F605,20,7103,"Emergency Preparedness (Contingency Plan)
Is emergency communication system diagram onboard ?
Is it available at places with means that enables voice communication with shore?
Is there a 24 hour phone number available?
In case a 24 hour phone number is not available, is there a back up phone number available?","<Check point>
Check to see if emergency ship-to-shore communication diagram  is posted at such places as Bridge, Communication Console, Ship's Office (CCR), ECR, Master and CE cabin, SOPEP, Shipboard Contingency Plan and Ship Security Plan.
Check contents of emergency ship-to-shore communication diagram.
1) DPA
2) CSO",,SEM Appendix II,Common,146
F605,20,7104,"Emergency Preparedness (Contingency Plan)
Are up to date muster list with ship specific emergency instructions displayed?
(e.g. Bridge, Engine Control Room, accommodation space, etc.)","<Check point>
Note if the Muster Lists are currently corrected.
Check if the Muster List includes following specifications of SOLAS III/Regulation 37:
1) Substitutes (second person in command, etc.);
2) Person in charge of maintenance of LSA and FFA;
3) Signals; and
4) Person in charge to carry SART, 2 WAY Radio and EPIRB.
<Annotation>
Muster lists and emergency instructions shall be exhibited in conspicuous places throughout the ship including the navigation bridge, engine room and crew accommodation spaces. (SOLAS III/8.3)
The muster list shall show the duties assigned to the different members of the crew including:
 - Closing of the watertight doors, fire doors, valves, scuppers, side scuttles, portholes and other similar openings in the ship;
 - Equipping of the survival craft and other life-saving appliances;
 - Preparation and launching of survival craft;
 - General preparations of other life-saving appliances;
 - Muster of passengers;
 - Use of communication equipment;
 - Manning of fire parties assigned to deal with fires; and
 - Special duties assigned in respect to the use of fire-fighting equipment and installations. (SOLAS III/37.3)
 - Illustrations and instructions in appropriate languages shall be posted in cabins and be conspicuously displayed at muster stations and other spaces to inform crew of:
 - their muster station;
 - the essential actions they must take in an emergency; and
 - the method of donning lifejackets.
The muster list shall specify which officers are assigned to ensure that life-saving and fire appliances are maintained in good condition and ready for immediate use.
(SOLAS III/37.4)
The muster list shall specify substitutes for key persons who may become disabled, taking into account that different emergencies may call for different actions.
(SOLAS III/37.5)
The muster list shall be prepared before the ship proceeds to sea. (SOLAS III/37.7)","SOLAS
III/8.3
III/37","Rightship
5.45",Common,147
F605,20,7105,"Emergency Preparedness (Contingency Plan)
Are ship-specific life-saving equipment training manuals (SOLAS Trainig Manual) available?","<Check point>
This manual shall be ship specific and free from generic instructions.
<Annotation>
A training manual shall be provided in each crew mess room and recreation room, or in each cabin. (SOLAS III/35.2)
The training manual shall contain instructions and information, in easily understood terms illustrated wherever possible, on the life-saving appliances
provided in the ship and on the best methods of survival. Any part of such information may be provided in the form of audio-visual aids in lieu of the manual.
The following shall be explained in detail:
 - Donning of lifejackets, immersion suits and anti-exposure suits;
 - Muster at assigned stations;
 - Boarding, launching and clearing the survival craft rescue boats; fast rescue boats, free-fall boats and inflated boats;
 - Method of launching from within survival craft;
 - Release from launching appliances;
 - methods and use of devices for protection in launching areas;
 - Illumination in launching areas;
 - Use of all survival equipment;
 - use of all detection equipment;
 - With the assistance of illustrations, the use of radio life-saving appliances;
 - Use of sea anchors
 - Use of engine and accessories;
 - Recovery of survival craft and rescue boats, fast rescue boats, free-fall boats and inflated boats including stowage and securing;
 - Hazards of exposure and the need for warm clothing;
 - Best use of survival craft facilities in order to survive;
 - Methods of retrieval, including the use of helicopter rescue gear; (slings, baskets, stretchers),breeches-buoy and shore life-saving apparatus and
ship’s line-throwing apparatus;
 - All other functions contained in the muster list and emergency instructions; and
 - Instructions for repair of the lifesaving appliances. (SOLAS III/35.3)","SOLAS
III/35.2
III/35.3","Rightship
5.43",Common,148
F605,20,7106,"Emergency Preparedness (Contingency Plan)
Are ship-specific fire training manuals available and are the crew aware of the general contents and location of the manuals?","<Check point>
FFE training manual shall either be in easily accessible spaces on ship for all crew (Smoke rooms) OR be placed in each crew cabin.
This manual shall be ship specific and free from generic instructions.
<Annotation>
The training manual shall explain the following in detail:
1. General fire safety practice and precautions related to the dangers of smoking, electrical hazards, flammable liquids and similar common shipboard hazards;
2. General instructions on fire-fighting activities and fire-fighting procedures, including procedures for notification of a fire and use of
manually operated call points;
3. Meanings of the ship’s alarms;
4. Operation and use of fire-fighting systems and appliances;
5. Operation and use of fire doors;
6. Operation and use of fire and smoke dampers; and
7. Escape systems and appliances. (SOLAS II-2/15.2.3.4)
A training manual shall be provided in each crew mess room and recreation room, or in each crew cabin. (SOLAS II-2/15.2.3.1)
The training manual shall be written in the working language of the ship. (SOLAS II-2/15.2.3.2)","SOLAS
II-2/15.2.3.4
II-2/15.2.3.1
II-2/15.2.3.2","Rightship
5.43",Common,149
F605,20,7107,"Emergency Preparedness (Contingency Plan)
Does the vessel have on board Emergency Towing Procedures?","<Check point>
Check the Emergency towing procedures.
Emergency booklet containing various combinations of towing arrangements forward as well aft shall be provided in following locations
1. Bridge
2. Foc'sle space
3. Ship’s office or Cargo Control room
<Annotation>
For ships constructed after 1 Jan 2010 and existing ships not later than 1st January 2012
 - Ships shall be provided with a ship-specific emergency towing procedure. Such a procedure shall be carried aboard the ship for use in
emergency situations and shall be based on existing arrangements and equipment available on board the ship.
The procedure shall include:
 - drawings of fore and aft deck showing possible emergency towing arrangements;
 - inventory of equipment on board that can be used for emergency towing;
 - means and methods of communication; and
 - sample procedures to facilitate the preparation for and conducting of emergency towing operations.”
(SOLAS II-1/3-4,2.2-3)
Note:  The ETB should contain procedures, diagrams etc. as set out in MSC.1/ Circ 1255.
Once the system has been deployed the watertight integrity of adjacent spaces should be maintained. The prime emergency towing arrangement may be fitted either forward or aft.","SOLAS
II-1/3.4.2.2.3

MSC.1/Circ.
1255","Rightship
9.22",Common,150
F605,20,7108,"Emergency Preparedness (Contingency Plan)
Is a fire control plan exhibited within the accommodation, is a copy also available externally and is equipment correctly marked on it?","<Check point>
Symbols on the Fire control plan can be in black & white for ships built before 01st January 2014.
Fire plans near g'way or outside accommodation shall be in proper RED colored enclosure and symbol shall be posted showing the location of it.
The enclosure shall contain;
-Fire plan
-Latest crew list
-DG cargo list (applicable vessels)
If vessel name has been changed, check vessel name on the Fire Control Plan, which has often been left unchanged.","SOLAS
II-2/15.2.4
IMO Res.
A.654 (16)",,Common,151
F605,20,7200,"Emergency Preparedness (Drills)
Are drills for emergency procedures being carried out?","<Check point>
Check SQE S 627 Drill Schedule is being followed and drills conducted as per Schedule, and send to office on 3 monthly basis for review.","SOLAS III
Reg.19
MSC 11.43",SSQE 8.3.2,Common,152
F605,20,7201,"Emergency Preparedness (Drills)
Is each drill properly evaluated and reviewed?","<Check point>
Check SQE S 632 MINUTES OF CONTIGENCY EMERGENCY DRILL is being used and sent for office review
Note if fair review and evaluation has been made.",,SSQE 8.3.2,Common,153
F605,20,7202,"Emergency Preparedness (Drills)
Are abandon ship drill regularly held?
Are the crew familiar with their duties during lifeboat and are drills being performed effectively and on a frequency meeting SOLAS and flag state requirements?","<Check point>
Check logbook or other records.
Check the on board evaluation record of drill for quality penetration amongst ship's crew
Check SEM S 800 Abandon Ship being utilized
<Annotation>
Every crew member shall participate in at least one abandon ship drill and one fire drill every month. The drills of the crew shall take place within 24 hours of the ship leaving a port if more than 25% of the crew have not participated in abandon ship and fire drills on board
that particular ship in the previous month. (SOLAS III/19.3.2)
Except as provided in paragraphs 3.3.4 and 3.3.5, each lifeboat shall be launched, and maneuvered in the water by its assigned operating crew, at least once every three months during an abandon ship drill.' (SOLAS III/19.3.3.3)
In the case of a lifeboat arranged for free-fall launching, at least once every three months during an abandon ship drill, the crew shall board the lifeboat, properly secure themselves in their seats and commence launch procedures up to, but not including, the actual release of the lifeboat (i.e., the release hook shall not be released). The lifeboat shall then either be free-fall launched with only the required operating crew on board, or lowered into the water by means of the secondary means of launching  without the operating crew on board. In both cases, the lifeboat shall thereafter be maneuvered in the water by the operating crew. At intervals of not more than six
months, the lifeboat shall either be launched by free fall with only the operating crew on board, or simulated launching shall be carried out in accordance with the guidelines developed by the Organization. (See MSC.1/Circ.1206/Rev.1) (SOLAS III/19.3.3.4) MSC.1/Circ.1578","SOLAS
III/19.3.2
III/19.3.3.3
III/19.3.3.4
MSC.1/Circ.
1206/Rev.1
MSC.1/Circ.
1578",SEM 4.9,Common,154
F605,20,7203,"Emergency Preparedness (Drills)
Are fire drill regularly held?
Are the crew familiar with their duties during fire drills and are drills being performed effectively and on a frequency meeting SOLAS and flag state requirements?
The fire drill must be included at least the following matters.
 - Have the ventilation control plan for all openings which is including ventilation/opening dampers, doors, hatches made?
 - Are procedure of engine room ventilation control established?
 - Are instruction and confirmation by command in the bridge available?
 - Has engine room fire drill been conducted once every 3 months?
 - Are specific fire scene and fire fighting operation simulated at engine room fire drill?
 - Is the drill assumed to use fixed fire extinguisher and local fire extinguisher?","<Check point>
Check logbook with date and place.
Check the on board evaluation record of fire drill for quality penetration amongst ship's crew.
Check if engine room fire drill has been conducted every 3 months.   (Drill about 15 days behind schedule is permissible.)
Check whether engine room fire drill has been assumed location and scenario is included to use fixed and local fire fighting equipment.
Check if following checklists are being utilized:
SEM S 809 (a) Fire in the Accommodation
SEM S 809 (b) Fire in the Engine Room
SEM S 809 (c) Fire on deck
SEM S 809 (d) Fire in Cargo Holds
<Annotation>
Every crew member shall participate in at least one abandon ship drill and one fire drill every month. The drills of the crew shall take place within 24 hours of the ship leaving a port if more than 25% of the crew have not participated in abandon ship and fire drills on board that particular ship in the previous month. (SOLAS III/19.3.2)
Fire drills should be planned in such a way that due consideration is given to regular practice in the various emergencies that may occur depending on the type of ship and the cargo. (SOLAS III/19.3.4.1)
Crew members shall be trained to be familiar with the arrangements of the ship as well as the location and operation of any fire-fighting systems and appliances that they may be called upon to use. (SOLAS 2004 II-2/15.2.2.1)
Each fire drill shall include:
1. Reporting to stations and preparing for the duties described in the muster list;
2. Starting a fire pump, using at least the two required jets of water to show that the system is in proper working order;
3. Checking of fireman’s outfit and other personal rescue equipment;
4. Checking of relevant communication equipment;
5. Checking the operation of watertight doors, fire doors, fire dampers and main inlets and outlets of ventilating systems in the drill area; and,
6. Checking the necessary arrangements for subsequent abandoning of the ship. (SOLAS III/19.3.4.2)","SOLAS
III/19.3.2
III/19.3.4.1
II-2/15.2.2.1
III/19.3.4.2",SEM 4.7 & SSQE 7.2.8,Common,155
F605,20,7204,"Emergency Preparedness (Drills)
Have damage control drills been conducted according to procedures established by the Company?","<Check point>
Check SQE S 627 Drill Schedule
Check logbook and related checklist being followed",,SEM 4.0,Common,156
F605,20,7205,"Emergency Preparedness (Drills)
Have oil pollution prevention drills been conducted at interval specified by the Company?","<Check point>
Check SQE S 627 Drill Schedule
Check  logbook and other records.
Check if drills have been conducted at interval specified in Drill Schedule",,SEM 4.0,Common,157
F605,20,7206,"Emergency  Preparedness (Drills)
Has the emergency steering gear been tested within the past two months and are the results recorded?","<Check point>
Check the record in Drill Evaluation Record and Log Book.
Check if last emerg steering test carried out within 2 months.
Try out Emerg steering gear and look for any leakages or abnormal sound.
<Annotation>
Emergency steering drills shall take place at least once every three months in order to practice emergency steering procedures. These drills shall include direct control within the steering gear compartment, the communications procedure with the navigation bridge and, where applicable, the operation of alternative power supplies. (SOLAS V/26.4)","SOLAS
V/26.4",SSQE 8.3.6,Common,158
F605,20,7300,"Emergency Preparedness (Life-Saving Apparatus)
Are the Officers aware of the requirements of LSA?
Are there ship-specific life-saving equipment maintenance instructions available and are weekly and monthly inspections being carried out as per PMS?","<Check point>
Check standards and plans.
Life saving equipment maintenance instruction and record book can either be part of computerized PMS or in paper format.
Maintenance instructions for each equipment shall include at least following
1. A checklist for use when carrying out the monthly inspections;
2. Maintenance and repair instructions;
3. A schedule of periodic maintenance;
4. A diagram of lubrication points with the recommended lubricants;
5. A list of replaceable parts;
6. A list of sources of spare parts; and
7. A log for records of inspections and maintenance.","SOLAS
III/20.6
III/20.7.1
III/20.7.2
III/36",SPM VOL II 11.10.6,Common,159
F605,20,7301,"Emergency Preparedness (Life-Saving Apparatus)
Are the locations of life saving appliances marked with IMO symbols?","<Check point>
number and type of LSA shall be marked with IMO symbols on the doors of LSA stores
<Annotation>
Containers, brackets, racks and other similar stowage locations for life-saving equipment shall be marked with symbols in accordance with IMO Res. A.760 (18) indicating the devices stowed in that location for that purpose. If more than one device is stowed in that location, the number of devices shall also be indicated. (SOLAS III/20.10)","SOLAS
III/20.10
IMO Res.
A.760 (18)","Rightship
5.26",Common,160
F605,20,7302,"Emergency Preparedness (Life-Saving Apparatus)
Is there a maintenance and test schedule for Lifeboat, Rescue boat onload release gear, davit launched life raft
automatic release hooks and free-fall lifeboat release
systems?
Are lifting wires of freefall Lifeboat in good order?","<Check point>
Check  SQE S 627 Drill Schedule and required entries being made in logbook
Check evidence for
1. Thorough Annual examination by authorized shore workshop;
2. Maintenance schedule on board by ship's crew;
3. Check condition of lifting wires.
4. Lifting wires inspection included in the PMS.","SOLAS
III/20.11.2
III/20.11.3
MSC Circ.
1206",SSQE 5.9,Common,161
F605,20,7303,"Emergency Preparedness (Life-Saving Apparatus)
Are pyrotechnics, including line throwing apparatus,  within expiry date and in good order, and stored in a suitably signed conspicuous location?","<Check point>
Check that expired pyrotechnics and LTAs not stored with valid ones.
<Annotation>
Not less than 12 rocket parachute flares shall be carried and be stowed on or near the navigation bridge. (SOLAS III/6.3)
A line throwing appliance complying with the requirements of section 7.1 of the Code shall be provided. (SOLAS III/18)
An illustrated table describing the life-saving signals shall be readily available to the officer of the watch. (SOLAS V/29)
Note: Line throwing apparatus should be ready for immediate use. The line and the rockets should not be stowed apart.","SOLAS
III/6.3
III/18
V/29",LSA/FFA Manual,Common,162
F605,20,7304,"Emergency Preparedness (Life-Saving Apparatus)
Are lifeboats / rescue boat launching mechanisms, in good order?","<Check point>
Normal inspection of life boat, rescue boat and launching arrangements.","SOLAS
III/13.1.3
III/19.3.3.3
III.19.3.3.4
III/20.4
III/31.2
III/14.1
MSC.1/Circ.
1206",SSQE 5.9,Common,163
F605,20,7400,"Emergency Preparedness (Fire Fighting Equipment)
Are Officers aware of the location of accommodation and Engine Room ventilation fan emergency stops?
Are they clearly marked to indicate the spaces they serve?
Is there evidence of regular testing and maintenance?","<Check point>
Check by record and interview crew.
Check to see if ""Emergency Stop"" is clearly marked.",,SPM VOL II 11.10.10,Common,164
F605,20,7401,"Emergency Preparedness (Fire Fighting Equipment)
Are the crew aware of the fixed firefighting equipment fitted?
Are ship-specific firefighting equipment maintenance instructions available and is maintenance being carried out?","<Check point>
Ship specific FFE maintenance shall either be in computerized PMS or in paper form.
Inspection records shall be maintained on board as scheduled.
<Annotation>
Maintenance, testing and inspections shall be carried out based on the guidelines in MSC/Circ.1432
The maintenance plan shall be kept on board the ship and shall be available for inspection. (SOLAS II-2/14.2.2.2)
The maintenance plan shall include at least the following fire protection systems and firefighting systems and appliances, where installed:
1. Fire mains, fire pumps and hydrants, hoses, nozzles and international shore connections;
2. Fixed fire detection and fire alarm systems;
3. Fixed fire extinguishing systems and other fire extinguishing appliances;
4. Automatic sprinkler, fire detection and fire alarm systems;
5. Ventilation systems, including fire and smoke dampers, fans and their controls;
6. Emergency shutdown of fuel supply;
7. Fire doors, including their controls;
8. General emergency alarm systems;
9. Emergency escape breathing devices;
10. Portable fire extinguishers, including spare charges;
11. Fire fighter’s-outfits;
12. Inert gas systems;
13. Deck foam systems;
14. Fire safety arrangements in cargo pump rooms; and
15. Flammable gas detectors. (SOLAS II-2/14.2.2.3) and 14.4)
The maintenance programme may be computer-based. (SOLAS II-2/14.2.2.4)","SOLAS
II-2/14.2.2.2
II-2/14.2.2.3
II-2/14.2.2.4
II-2/14.4
MSC.1/Circ.
1432",LSA/FFA Manual,Common,165
F605,20,7402,"Emergency Preparedness (Fire Fighting Equipment)
Are all switches on fire alarm panel set in normal position?","<Check point>
Check switches and lamps.
If switches are off because of welding work, etc., note panel has notice on it.",,,Common,166
F605,20,7403,"Emergency Preparedness (Fire Fighting Equipment)
Are Officers aware of the requirements for testing fixed fire detection and alarm systems and are the systems in good order and tested regularly?
Does the vessel have the appropriate test kit for all type of detectors fitted?","<Check point>
Check SPM E 447 Fire Detector Test Log . Review test record of all fire detectors.
No alarm condition at Fire detection panel.
All switches on fire alarm panel are set in normal position.
OOW shall be aware of procedure to isolate and recommit fire zone.","SOLAS
II-2/14.2.2.1
MSC.1/Circ. 1432",,Common,167
F605,20,7404,"Emergency Preparedness (Fire Fighting Equipment)
Are fire flaps clearly marked to indicate the spaces they serve and is there evidence of regular testing and maintenance?","<Check point> Check records. Check damper lists.
Ventilation dampers for accommodation and machinery spaces and for cargo holds are listed
Check PMS or Monthly check list of FFA etc. and confirm inspection of damper itself (flap/lid) is carried out.",,"SPM VOL II 11.10.7
SPM VOL II 11.10.8
SPM VOL II 12.3",Common,168
F605,20,7500,"Emergency Preparedness (Communication Equipment)
Are Deck Officers familiar with the preparation and transmission of distress and urgency messages on the GMDSS equipment, are instructions clearly displayed and is equipment in good order?",<Check point> Check by interview,,Rightship 10.2,Common,169
F605,20,7501,"Emergency Preparedness (Communication Equipment)
Are officers aware of the requirements for position updating on two-way communications equipment? (SOLAS IV/18)","<Check point> Check by interview
Two-Way Communications Equipment ; MF/HF, VHF, etc.",SOLAS IV/18,,Common,170
F605,20,7502,"Emergency Preparedness (Communication Equipment)
Are officers aware of the function of the Ship Security Alert System and how it operates?","<Check point> Check by interview
<Annotation>
Under no circumstances should enquiries be made as to the system details.
All ships constructed after 1st July 2004 shall be fitted with a ship security alert system. (SOLAS XI-2/6.1.1)
The ship security alert system shall, when activated, initiate and transmit a ship-to-shore security alert to a competent authority, which in these circumstances may include the Company, identifying the ship, its location and indicating that the security of the ship is under threat or it has been compromised. (SOLAS XI-2/6.2.1)
It shall not send the security alert to other ships or raise the alarm on board and it shall continue until deactivated or reset. (SOLAS XI- 2/6.2.2,3 and 4)
The ship security alert system shall be capable of being activated from the navigation bridge and in at least one other location. (SOLAS XI-2/6.3.1)
Note: SIRE defines Company as the vessel company)","SOLAS XI-2/6.1.1 XI-2/6.2.1
XI-2/6.2.2.3
XI-2/6.2.2.4 XI-2/6.3.1",Rightship 11.7,Common,171
F605,20,7503,"Emergency Preparedness (Communication Equipment)
Are the Officers aware of the periodical test requirements for GMDSS equipment ?","<Check point>
Verify that daily, weekly and monthly tests are properly recorded in GMDSS record book as required. DSC alert test shall be carried out with coastal station and record of acknowledgement from coastal station shall be maintained as evidence.
<Annotation>
The following tests should be carried out:
Daily   · Function of DSC facilities (VHF, MF and HF) using built-in test functions · Battery supplies to GMDSS equipment including charging condition and battery voltage checks.
Weekly
· Function of DSC facilities by way of a test call with a coastal station (if in range or at the earliest opportunity if out of range) · Reserve power supplies to GMDSS equipment other than batteries (e.g. emergency generator)
Monthly · Enhanced group calling (EGC) function · EPIRB function (using built-in test) and condition · SART function (using built-in test) and condition
· Condition and security of batteries · Condition of aerials and insulators · Function test of survival craft two-way VHF equipment (BPG 5th Edition 3.15.6)  Where a reserve source of energy consists of rechargeable accumulator batteries, their capacity shall be checked, using an appropriate method, at intervals not exceeding 12 months, when the ship is not at sea.  (SOLAS IV/13.6)",,Rightship 10.2,Common,172
F605,20,7504,"Emergency Preparedness (Communication Equipment)
Are instructions for operating the digital selective calling (DSC) and satellite communications equipment in an emergency clearly displayed?","<Check point>
Check instruction for emergency.
Check vessel’s call sign and Inmarsat ship station identity displayed",,,Common,173
F605,20,7505,"Emergency Preparedness (Communication Equipment)
Are radio emergency batteries in good order and fully charged? If applicable, is the emergency radio battery log up to date?","<Check point>
Check Radio Battery Log.
On load test of emergency batteries for GMDSS equipment shall be carried out at least every 12 months either at anchorage or alongside a berth.
<Annotation>
Where a reserve source of energy consists of rechargeable accumulator batteries, their capacity shall be checked, using an appropriate method, at intervals not exceeding 12 months, when the ship is not at sea. (SOLAS IV/13.6)
GMDSS battery capacity test conducted during annual survey is acceptable.",SOLAS IV/13.6,Rightship 10.5,Common,174
F605,20,7506,"Emergency Preparedness (Communication Equipment)
Is the satellite EPIRB fitted, armed and labelled correctly and inspected in accordance with the manufacturer’s requirements?","<Check point>
Check to see if switch is in  'Auto' position. Does not be binding it with hull structure
Is the expiration of hydraulic release unit is in order Verify that
1. Housing is not damaged;
2. Battery and HRU are not expired;
3. Self test can be performed successfully;
4. Annual test by shore workshop is carried out and that original certificate is on board","SOLAS IV/7.1.6 IV/15.9
MSC/Circ. 1040",Rightship 10.7,Common,175
F605,20,7508,"Emergency Preparedness (Communication Equipment)
Is VHF radio equipment in good order?
Are proper operating instructions on display?","<Check point>
Check by interviewing the Master and Deck Officers.
Check to see if proper operating instructions are on display.
<Additional check point for all type of tankers>
VHF shall be on LOW power while  vessel is at terminal.
<Annotation>
All ships of 300 gt and upwards shall be provided with a VHF installation capable of transmitting and receiving on Channels 6, 13, 16 and 70 (DSC). It shall be possible to initiate the transmission of distress alerts on channel 70 from the position from which the ship is normally navigated.",,Rightship 10.12,Common,176
F605,20,7509,"Emergency Preparedness (Communication Equipment)
Are survival craft portable VHF radios in good order and charged?","<Check point>
Check radiotelephones.
There shall be three portable VHF W/Talkies with chargeable batteries. Also, there shall be three non-rechargeable batteries with seal intact.
Vessels must carry 3 sealed spare batteries for VHF radiotelephones provided aboard on and after November 23, 1996.
<Annotation>
At least 3 two-way VHF radiotelephone apparatus shall be provided on every cargo ship of 500 gross tonnage and upwards. (SOLAS III/6.2.1.1)
The two-way radiotelephone should be capable of operation on the frequency 156.800 MHz (VHF channel 16) and on at least one additional channel. (Res. A.809/3.1)
The battery for equipment with a user -replaceable energy source or radio with a non-replaceable energy source shall have a non- replaceable seal to show the unit has not been activated. (Res. A.809/12.2 and 12.3)
Primary battery shelf life must be at least 2 years and highly visible yellow/orange colour or marked with a surrounding yellow/orange marking strip. There is no requirement for the two-way VHF radios to be Ex rated or intrinsically safe type, though if the units are being used for shipboard operations then there must be effective measures in place to prevent them being used in the gas hazardous area.
For radios installed on or after 1st July 2005 revised performance standards for survival craft portable two-way VHF radiotelephone apparatus applies (Res MSC.149(77))","SOLAS III/6.2.1
IMO Res. A.809/3.1 A.809/12.2 A.809/12.3",Rightship 10.11,Common,177
F605,20,7510,"Emergency Preparedness (Communication Equipment)
Are survival craft  Search and Rescue Radar Transponder (SART) in good order and charged?","<Check point>
Check radiotelephones.
Two numbers of SART shall be fitted, one on each side in Bridge.
Check if radar transponder is stowed on either side of vessel.  (It is permissible if radar transponders are stowed not inside but in immediate vicinity of Bridge. It is different for Freefall-type lifeboat. )
Check if radar transponders are so arranged as to be readily used for survival craft. Also, check cubic contents (if possible), and available period of batteries.
<Annotation>
At least one radar transponder shall be carried on each side of every cargo ship of 500 gross tonnage and upwards. The radar transponders shall be stowed in such locations that they can be rapidly placed in any survival craft (other than the forward life raft). On ships equipped with free-fall lifeboats, one of the transponders shall be stowed in the free-fall lifeboat and the other located in the immediate vicinity of the navigation bridge so that it can be utilized on board and ready to transfer to any other survival craft. (SOLAS III/6.2.2)",SOLAS III/6.2.2,Rightship 5.21,Common,178
F605,20,7511,"Emergency Preparedness (Communication Equipment)
Are the general alarm and public-address systems tested regularly?","<Check point>
Public address and general alarm systems shell be tested once a week","SOLAS
III/20.6.4
(MSC.1/Circ
.",,Common,179
F605,20,8100,"Pollution Prevention (Oil Pollution Prevention)
Are the ship's crew familiar with their duties in relation to the approved Shipboard Oil Pollution Emergency Plan (SOPEP)?","<Check point>
Vessel shall have approved SOPEP Check:
1) SOPEP;
2) SMS Manuals, etc. for Oil Pollution Prevention procedures;
3) If IMO Point of Contact List has been updated according to Revision Log
4) If Oil Combating Equipment and Material List has been prepared.
5) Is the plan maintained updated with emergency contacts readily available?",MARPOL I/37 I/37.2 I/37.3 II/17 II/17.2,Rightship 6.3,Common,180
F605,20,8101,"Pollution Prevention (Oil Pollution Prevention)
Does the plan include a description of equipment, its location, a plan for deployment and specific crewmember duties for handling small spills?","<Check point>
No need to check unless the plan is not properly maintained. In this case check randomly for any missing pages. Check:
1) SOPEP;
2) If stations for Oil Pollution Prevention are in Muster List.
3) If actual manning is in alignment with SOPEP.
4) SMS Manuals, etc. for Oil Pollution Prevention procedures;
5) If Oil Combating Equipment and Material List has been prepared.",,Rightship 6.3,Common,181
F605,20,8102,"Pollution Prevention (Oil Pollution Prevention)
Is the IMO Coastal Contact List up to date, is the Master aware of port contact procedures and has a contact list been made for this port?","<Check point>
IMO coastal contact list is updated each quarter. Ship is required to maintain only latest list. Check:
1) SOPEP;
2) If Point of Contact List has been updated according to Revision Log; and
<Annotation>
Notes: The IMO Coastal Contact List is published on a quarterly basis on the 31 January, 30 April, 31 July and 31 October  each year. IMO web site at www.imo.org",,SSQE 7.2.11,Common,182
F605,20,8400,"Pollution Prevention (Garbage Management)
Is the vessel correctly segregating garbage as per garbage management plan?
Is garbage record book correctly completed?","<Check point>
Check by interviewing crew.

1) Person in charge of garbage control
2) Disposal of incinerator ashes
3) Procedures for separation and collection, include disposal of medicines and batteries
4) Long- and short-period storage places
5) Store garbage in a safe hygienic manner onboard.
Verify that disposed quantities match with Garbage landing certificate in garbage record book. Check disposal method of cooking oil. Check the certificate of garbage/ash discharges to shore reception facility.
Check the record of garbage discharges to shore and incineration.
Note if amount discharged/incinerated is recorded not in kilogram but in cubic meter. Check whether Cargo Residues is reflected.","MARPOL
V/10.2 V/10.3 V/10.3.3 MARPOL, 2017)
(Resolution MEPC.220 (63),
Guidelines for the Developme nt of Garbage Managemen t Plans, 2012)
(Resolution MEPC.295 (71),
Guidelines for the Implementat ion of MARPOL
Annex V, 2017)","SSQE 7.3.3
SSQE 7.3.4",Common,183
F605,20,8401,"Pollution Prevention (Garbage Management)
Are ships personnel aware of the requirements of MARPOL Annex V with respect to the disposal of operational waste and cargo residues from ships?","<Check point>
Check garbage record book and GMP.
 - Operational waste mean all solid waste(including slurries) not covered by other Annexes that are collected on board during normal maintenance or operation of a ship or used for cargo stowage and handling.
 - Operational waste also includes cleaning agents and additives contained in cargo holds and external wash water.
 - Operational wastes does not include grey water, bilge water, or other similar discharge essential to the operation of as ship, taking into account the guideline developed by the Organisation.
 - Cargo residues means the remnants of any cargo which are not covered by other Annexes and which remain on the deck or in holds following loading and unloading, including loading and unloading excess or spillage, whether in wet or dry condition or entrained in wash water, but does not include cargo dust remaining on the deck after sweeping or dust on the external surface of the ship.",,"SSQE 7.3.3
SSQE 7.3.4",Common,184
F605,20,8500,"Pollution Prevention (Air Pollution Prevention)
Does the vessel have Ship Energy Efficiency Management Plan (SEEMP) and are Officers aware of the general requirements relating to the plan?","<Check point>
Verify if record are maintained as required by SEEMP.","IMO, 2018
Resolution MEPC.213 (63)",SSQE 7.7,Common,185
F605,20,9109,"Safety Management (Document Control)
Are the SMS Manuals available at place where these can be easily seen and used by all Deck and  Engineer Officers?","<Check point>
Set of SMS Manuals (hard or soft) must be kept both on Bridge and in Engine Control Room.",,APEX 7.2.3,Common,186
F605,20,9110,"Safety Management (Document Control)
Are important documents for deck department (Maker's Manuals, piping diagrams, shipyard drawings, files of information, etc.) available?","<Check point>
Check documents/lack in documents.",,,Common,187
F605,20,9506,"Safety Management (Safety Culture)
Are fire and safety rounds being completed after each watch? Are records maintained?
No single watch allowed at night?","<Check point>
Check by interviewing the Deck Officers.
Note: Bridge has never been left attended by one Deck Officer only. (It is basically accepted only when daytime and under some certain conditions. See STCW Code A-VIII/2 part4-1 15)
All applicable personnel should be trained with the guidance for entry into machinery space during UMS operation.
<Annotation>
Note: A lookout should not leave the Bridge during the watch as this contravenes the requirements of SOLAS and STCW. Rounds of the vessel should be conducted after the end of each watch during the hours of darkness, typically from 2200 to 0600. It is recognized that in the summer months in the higher latitudes of the Northern Hemisphere that permanent daylight will occur and it is expected that rounds of the vessel should be conducted from 2200 to 0600hrs.","STCW
Code A VIII/2-4-
.15,16",SSQE 7.2.8,Common,188
F605,20,9507,"Safety Management (Safety Culture)
Route of fire and safety rounds established?","<Check point>
Check by interviewing the Deck Officers.
Check if procedure for route of inspection round is established.",,SSQE 7.2.8,Common,189
F605,20,9508,"Safety Management (Safety Culture)
For UMS vessels, following the specified route, have fire and safety rounds in machinery space been made at interval of less than 2 hours?","<Check point>
Check by interviewing Officers. Check logbooks, etc.
Check proper safety and reporting procedure are in place.",,SSQE 7.2.8,Common,190
F605,20,2900,"Bridge Management (Others)
Are latest edition of publications on board","<Check point>
Check SMS Standard Library list
<Annotation for  inspection>
Check latest publication
ISPS Code IMO
ISM Code and revised guidelines
STCW (inc. Amdts 1-4), latest Edition
Guidance Manual for Bulk Structures
Guidelines for the control of drugs and alcohol on board ships (or equivalent)
Bridge Procedures Guide ICS latest edition
Collision Regulations, Consolidated edition 2003
Bridge Team Management 2nd 2004 (Nautical Institute) latest edition
Ship’s Routing IMO latest edition
International Code of Signals IMO – 2005
Peril at Sea and Salvage Guide for Master latest edition
Guide to Helicopter/Ship operations ICS latest edition
Mooring Equipment Guidelines latest edition or equivalent
Effective Mooring or equivalent latest edition
Recommendations for Ship’s Fittings for use with Tugs
IMO 240E International Code for the Safe Carriage of Grain in Bulk (International Grain Code) latest edition
LSA (life Saving Appliance) Code,IMO latest edition
FSS (Fire Safety System) Code,IMO latest edition",,,Common,191
F605,20,2901,"Bridge Management (Others)
The latest edition of the publications shall be available and officers should demonstrate familiarity  with company procedures and relevant publications for the safe carriage and handling of solid bulk cargoes?","<Check point>
<Annotation for Rightship inspection>
Check latest publication
• Safety of Life at Sea(SOLAS)
• International Convention for the Prevention of Pollution from Ships (MARPOL)
• International Maritime Solid Bulk Cargoes Code (IMSBC code)
• International Maritime Dangerous Good(IMDG) Code
• Code of Practice for the Safe Loading and Unloading of Bulk Carriers (BLU code)
• Manual on Loading and Unloading of Solid Bulk Cargos for terminal representatives(BLU manual)
• Cargo stowage and securing(CSS) code
• Code of safe practice for ships carrying timber deck cargoes
• International Code on Intact Stability (IS Code)
• Recommendation on the use of pesticide in ships applicable to the fumigation of cargo holds
• Thomas’ Stowage
• Coal –Carriage by Sea
• Bulk carrier practice
• Watch keeping safety and cargo management in port",,"Rightship
8.1",Common,192
F605,30,1402,"Crew Management (Health)
Are Material Safety Data Sheets (MSDS) on board for all the cargo, bunkers, chemicals, paints and other products being handled, and are all officers familiar with their use?
Is Protective equipment including a face shield, apron, gloves and an eye- wash provided at the place where chemicals are stored?","<Check point>
MSDS of cargo being carried, Paints, batteries, chemicals shall be easily available for ship's crew. Review if ship's crew is aware of safety data.
<Annotation>
MSDS data sheets should be on board for the following:-
- All grades of cargo being carried
- All grades of fuel used on board
- All chemicals used on board
- paints, protective coatings and all other corrosive or toxic materials that are carried on board","SOLAS VI/5-1
IBC Code Appendix 8 Annex","BGCM 3.3.8
SSQE 5.7",Common,193
F605,30,3403,"Deck Management (Communication Equipment)
Is the telephone in good working order at the steering flat?","<Check point>
At least means of Communication between bridge and steering gear compartment",,SPM VOL II 3.11.6,Common,194
F605,30,4101,"Machinery Management (Engine Room Management)
Are the funnel uptakes for M/E, D/G, Boiler, Incinerator etc. free from corrosion?",<Check point> Check visually.,,SPM VOL II 15.1,Common,195
F605,30,4600,"Machinery Management (Electrical Equipment)
Are Emergency Switchboards and its distributions free of significant earth faults?","<Check point>
Check earth lamp or read insulation resistance indicator.
It is good if resistance is not less than 1MΩ.
<Annotation>
Note: Class rules require a minimum insulation resistance of 1 megohm (1 million ohms). Good practice suggests that a much higher standard, as near to infinity as possible, but not less than 5 megohms, should be aimed for.",,SPM VOL II 10.9.7.1,Common,196
F605,30,4601,"Machinery Management (Electrical Equipment)
Are all emergency lights in good order?","<Check point>
Just before making inspection for outside of accommodation or on deck, ask the Master to turn on all emergency lights, then check the condition of lights, if there is busted one or damaged one.",,SPM VOL II 11.2,Common,197
F605,30,7109,"Emergency Preparedness (Contingency Plan)
Are engineers aware of the testing requirements and able to demonstrate familiarity with the procedure for testing of emergency equipment?
Emergency equipment will include, where fitted,
- Emergency fire pump
- Main fire and foam pumps
- Emergency air compressor
- Emergency generator
- Emergency generator switchboard,
- Emergency steering,,
- Emergency stops (Pump stop / Engine Room Ventilator / F.O. Tank shut off valve)
- Engineers alarms (UMS extension alarm / Engineers Call)
- Bilge eductors","<Check point>
Verify that records show regular testing of at least emerg Fire P/P, Emerg generator, main fire and foam pumps, emerg air compressor, emergency generator switchboard, emerg steering,, emergency stops, engineers alarms and bilge ejectors as per PMS.
Emergency equipment will include, where fitted,
- Emergency fire pump
- Main fire and foam pumps
- Emergency air compressor
- Emergency generator
- Emergency generator switchboard,
- Emergency steering,,
- Emergency stops (Pump stop / Engine Room Ventilator / F.O. Tank shut off valve)
- Engineers alarms (UMS extension alarm / Engineers Call)
- Bilge eductors",,SPM VOL II 11.2,Common,198
F605,30,7305,"Emergency Preparedness (Life-Saving Apparatus)
Are lifebuoys, lights, buoyant lines, quick release mechanisms and self- activating smoke floats in good order?","<Check point> Check respectively.
Randomly select and check self-igniting lights.
Check if lifebuoy attached to quick release mechanism is 4 kg or more.
- For vessels constructed on and after July 1, 1998, weight in question is 2.5 kg or more.
- Life buoy with lifeline and SI light for Pilot boarding area are not part of Safety Equipment certificate.","SOLAS III/32.1.1 III/7.1.1 III/7.1.2 III/7.1.3 III/ 1.1.7
LSA Code II/2.1",,Common,199
F605,30,7405,"Emergency Preparedness (Fire Fighting Equipment)
Are CO2 portable fire extinguisher placed near Emergency Switchboards in good order with operating instructions clearly marked and are crew members familiar with their operation?","<Check point>
Check fire extinguisher.
Monthly inspection record shall be available.
Portable fire extinguisher shall be near the entrance of service space.
<Annotation>
Each extinguisher should be clearly marked with the following minimum information:
1. Name of the manufacturer;
2. Type of fire for which the extinguisher is suitable;
3. Type and quantity of extinguishing medium;
4. Approval details;
5. Instructions for use and recharge (it is recommended that operating instructions be given in pictorial form);
6. Year of manufacture;
7. Temperature range over which the extinguisher will operate satisfactorily; and
8. Test pressure. (FSS Code 4 and Res. A.951)
One of the portable fire extinguishers intended for use in any space shall be stowed near the entrance to that space. (SOLAS 2004 II- 2/10.3.2.2)
For vessels constructed after 1st July 2002, spare charges shall be provided for 100% of the first ten extinguishers and 50% of the remaining fire extinguishers capable of being recharged on board. Not more than sixty total spare charges are required. Instructions for recharging shall be carried on board. (SOLAS 2004 II-2/10.3.3.1)
For fire extinguishers which cannot be recharged on board, additional portable fire extinguishers of the same quantity, type, capacity and number shall be provided in lieu of spare charges. (SOLAS 2004 II-2/10.3.3.2)
For vessels constructed before 1st July 2002, spare charges shall be provided in accordance with requirements specified by the Administration. (SOLAS 1974 II-2/6.2)
Note: Portable fire extinguishers must be hydrostatically tested every 10 years or lesser period if so required by the Administration. The date of the hydrostatic test must be stamped on the cylinder.","SOLAS
II-2/10.3.2.2
II-2/10.3.3.1
II-2/10.3.3.2 II-2/6.2
FSS Code 4 IMO Res.
A.951",SPM VOL II 11.7.4,Common,200
F605,30,7406,"Emergency Preparedness (Fire Fighting Equipment)
Are fire flaps clearly marked to indicate the spaces they serve and is there evidence of regular testing and maintenance?
Are doors to the machinery space entry kept closed?
Are hatch for supplies to the machinery space kept closed?","<Check point> Check markings.
Check numbering or naming.
Check condition of fan room, fan casing, wire net, etc.
Dampers are clearly marked for easy opening/closing operations.
If possible, check flap/lid of damper and confirm it is not heavily damaged by corrosion.",,,Common,201
F605,30,7600,"Emergency Preparedness (Emergency Generator & Battery)
Is the emergency generator in good order and does it appear to be well maintained?","<Check point>
A second source of energy shall be provided for an additional three starts within 30 minutes unless manual starting can be demonstrated to be effective. (SOLAS Ⅱ-1/44.2)
Condition of radiator should be checked (including corrosion, condition of fin etc.)
Startup test must be conducted every week, and load test at interval specified by Company. The emergency air reservoir should be permanently maintained at the required pressure.
Is Hydraulic oil pressure charged up to starting points for immedicate use?

<Additional check point > Check if:
1) Starter battery has been replaced every 5 years;
2) Load test has been conducted every 3 months",SOLAS Ⅱ- 1/44.2,"SPM VOL II 11.1
SPM VOL II 11.2",Common,202
F605,30,7601,"Emergency Preparedness (Emergency Generator & Battery)
Is the emergency air compressor for emergency air reservoir, if fitted, in good order and does it appear to be well maintained?","<Check point>
Startup test must be conducted every week.",,SPM VOL II 11.6,Common,203
F605,30,7602,"Emergency Preparedness (Emergency Generator & Battery)
Is the emergency generator reserve fuel tank provided with sufficient fuel?","<Check point>
Reserve fuel oil tank level gauge shall be clearly marked with fuel oil level for 18hrs of operation.
Test if fuel oil supply valve can be satisfactorily SHUT from remote location. Check if remote emergency shutdown system has been colored.
If vessel is trading in areas of sub-zero temperatures, proper certificate shall be on board declaring that the fuel is suitable for sub-zero temperature operations.","SOLAS II-1/43.2
II-2/4.2.2.3.4","SPM VOL II 11.1
SPM VOL II 11.3",Common,204
F605,30,7603,"Emergency Preparedness (Emergency Generator & Battery)
Are Officers fully familiar with all starting procedures for the emergency generator and are these procedures clearly displayed?","<Check point>
Check if pictorial instructions for starting emerg generator are posted. Carry out Start/Stop Operation test for Emergency generator.

- Test Emerg. Generator after switching off supply from battery charger.
(PSC would request to start generator only battery electric source without charger.)
- If the batteries are used over 5 years, carry out staring test more than 2 times with 1 battery.
- If multi-method staring fitted, carry out each method.
Confirm by record or interview whether crew operate a generator continuously (approx. 20 minutes) till stabling parameter.",SOLAS II-1/44.2,"SPM VOL II 11.1
SPM VOL II 11.2",Common,205
F605,30,7604,"Emergency Preparedness (Emergency Generator & Battery)
Where an emergency generator is not fitted, are engine room emergency batteries in good order and fully charged?","<Check point> Check:
1) Liquid level, and electrodes;
2) Inspection/measurement records;
3) Safety signs;
4) Protective equipment;
For maintenance-free type batteries, no protective equipment is necessary.
<Annotation>
Note: The emergency batteries must supply the designed power load for up to 18 hours.",,SPM VOL II 11.2,Common,206
F605,30,8403,"Pollution Prevention (Garbage Management)
Are placards/poster as specified in Garbage Management Plans, MARPOL, posted?","<Check point>
Check placards/poster.",,GMP,Common,207
F605,30,8501,"Pollution Prevention (Air Pollution Prevention)
 Is there any black smoke emission from funnel? (M/E, D/G, Boiler, Incinerator, etc.)","<Check point> Check visually.
Check smoke from funnel.",,"SPM VOL 3.2.19
SSQE 7.7.2",Common,208
F605,30,9606,"Safety Management (Work Environment)
Is deck insulation provided to the front and rear of  Emergency Switchboards and is it in good order?","<Check point>
Check insulation mat.
Mat is not necessary if floor material is of insulating type.
These insulation mats shall be free from any cracks or damages.","SOLAS II-1/45. 2
CFR Title46 111.30-11",Rightship 12.32,Common,209
F605,40,7300,"Emergency Preparedness (Life-Saving Apparatus)
Are lifeboats and rescue boat, including their equipment and launching mechanisms, in good order and have they been launched and maneuvered in the water in accordance with SOLAS requirements?","<Check point>
Check logbook with date and place.
Check SQE S 627 Drill Schedule
Normal inspection of Life boat, Rescue boat and launching arrangements. Try out starting of engine with each battery (if battery start). Check if officers are aware of emergency steering operation of L/Boat
<Annotation>
<Additional requirement for free-fall launching type lifeboat>
At intervals of not more than six months, the lifeboat shall either be launched by free fall with only the operating crew on board, or simulated launching shall be carried out in accordance with the guidelines developed by the Organization.
<Additional requirement for dedicated rescue boat>
In case the vessel having dedicated rescue boats, rescue boats launching and maneuvering, with assigned crew members, and training on emergency operation, shall be basically done every month (if not practicable at some occasion the interval, however shall not exceed 3 months).
Are on-site training for Liferaft Davit conducted every four months?","SOLAS III/13.1.3 III/19.3.3.3 III.19.3.3.4
III.19.3.3.6 III/19.3.3.9 III/20.4.1 III/31.2 III/14.1
III / 20.6.3 III/ 20.7.1
LSA Code IV/4.7.6.4 IV/4.4.9
MSC.1/Circ. 1206",SSQE 8.3.3,Common,210
F605,40,7301,"Emergency Preparedness (Life-Saving Apparatus)
<Applicable for davit-launched type lifeboat only>
Is FPD (Fall Preventer Device) used on the occasion of lowering lifeboat? Is there any procedure for using FPD?","<Check point>
Check if the FPD is actually used or not by interviewing.
Check if there is any procedure in the SMS manual or Work instruction etc.
If FPD is not used for lowering lifeboat;
- Check the Manufacturer/Type of LRRS, then refer attached ""LRRS List"".
- In case of following (1) or (2), usage of FPD is not required by IMO circular, however, NYK strongly recommend to use it.
(1) If it is ""Compliant"" or Newly built vessel after 2013/01/01
(2) If it is ""Compliant after modification"", and if ""Statement of acceptance of the instauration of replacement release and retrieval system to an existing lifeboat) is available onboard.
If it is ""non-compliant"" or not listed on the attached ""LRRS list"", the LRRS should be replaced by 1st dry docking after 2014/07/01. Until then, FPD should be used.
If FPD is not used, it should be noted in the observation report with following information.
- type/model of LRRS
- Status of compliance(Compliant/Compliant after modification/Non-compliant/Not Listed)
- If FPD is available on board or not","MSC.1/Circ. 1392
MSC.
A/Circ. 1327",SSQE 5.9,Common,211
F605,40,7306,"Emergency Preparedness (Life-Saving Apparatus)
Are lifeboats and rescue boat, including their equipment, in good order?
- Quick release lever, bottom plate, thwart, seat belt, etc.
- Bottom plug
- FO tank
- Outside appearance of engine
- Air bottles (Applicable vessels only)
- Search light","<Check point>
Check to see if wooden bottom plate and thwarts are rotten or not. Check lifeboats visually.
Check rudder, lifeline, etc.
The temporary repairing is not admitted.
Normal inspection of life boat, Rescue boat and launching arrangements. Try out starting of engine with each battery (if battery start). Check if officers are aware of emergency steering operation of L/Boat
For all enclosed lifrboats, each set of safety belts for a seat shall be of a colour which contrasts with the belts for seats immediately adjacent (LSA code chapter Ⅳ 4.6.3/The resolution applies for ships the keel of which are laid or at a similar stage of construction on or after 1July1998.)","SOLAS III/13.1.3 III/19.3.3.9 III/31.2 III/14.1
LSA Code IV/4.4.9
MSC.1/Circ. 1206","SSQE 5.9
SPM VOL II 11.0",Common,212
F605,40,7307,"Emergency Preparedness (Life-Saving Apparatus)
Are on load release mechanism and reset system for life boat and rescue boat in good order ?
Does crew know how to confirm that the release mechanism is properly reset?
Are instructions for release system including resetting procedure displayed in the Life boat and Rescue boat ?","<Check point>
Check indicator showing status of release system and confirm the system is properly reset.
Check and confirm the procedure for reset the system is posted in the Lifeboat and Rescue boat. They should include how to confirm the system is properly reset.",LSA Code 4.4.9,SSQE 5.9,Common,213
F605,40,7308,"Emergency Preparedness (Life-Saving Apparatus)
Is retro-reflective tape attached to Life boat and Rescue boat in good order?","<Check point>
Check if retro-reflective tape is weathered.
Retro-reflective tapes should be put not only above water but also under water if it is not self-righting type.","SOLAS III/31
LSA Code 1.2.2.7",SSQE 5.9,Common,214
F605,40,7309,"Emergency Preparedness (Life-Saving Apparatus)
Are vessel name, port of registry, dimensions and seating capacity marked clearly on Life boat and Rescue boat?
Are vessel name or call sign, and boat number readable from above?","<Check point> Check visually.
Check markings on Life boat and Rescue boat. Vessel name only is unacceptable.","SOLAS III
LSA Code 4.4.9.3",SSQE 5.9,Common,215
F605,40,7310,"Emergency Preparedness (Life-Saving Apparatus)
Are Life boat and Rescue boat provided with sufficient food, drinking water and FO?","<Check point>
Check to see if FO tank is filled not less than 80%. FO must not be kept in polyethylene container.","SOLAS III/31
LSA Code 4.4.8.9/12
4.4.6.8",SSQE 5.9,Common,216
F605,40,7311,"Emergency Preparedness (Life-Saving Apparatus)
Are fire extinguishers in Life boat and Rescue boat ready for use?",<Check point> Check visually.,"SOLAS III/31
LSA Code 4.4.8.28",SSQE 5.9,Common,217
F605,40,7312,"Emergency Preparedness (Life-Saving Apparatus)
Are bilge pumps in Life boat and Rescue boat in good order?","<Check point>
Check visually pumps, hoses, etc.","SOLAS
III/31
LSA Code",SSQE 5.9,Common,218
F605,40,7313,"Emergency Preparedness (Life-Saving Apparatus)
Are oar crutch, rudder and tiller in good order?
(Except Life boat and Rescue boat with remote control steering mechanism.)","<Check point>
Check if crutches, etc. are attached to lifeboats with lanyards or chains. Check external appearance.","SOLAS III
LSA Code 4.4.8.1",SSQE 5.9,Common,219
F605,40,7314,"Emergency Preparedness (Life-Saving Apparatus)
Are long painters prepared in Life boat and Rescue boat?","<Check point> Check long painters.
(Totally Enclosed Life boat and Rescue boat)
Note both painters stowed near stern are secured in such manner as not to hamper abandonment procedures.
*Painters, providing connection between vessel and life boat, must be so arranged as to ensure that life boat when released is not dragged.
- For Lifeboat, one painter attached to the release device shall be placed at the forward end of the lifeboat and the other shall be firmly secured at or near the bow of the lifeboat ready for use.
- For Rescue boat, one painter attached to the release device shall be placed at the forward end of the rescue boat.","SOLAS III
LSA Code 4.4.8.7
5.1.2.2",SSQE 5.9,Common,220
F605,40,7315,"Emergency Preparedness (Life-Saving Apparatus)
Are quick release levers of Life boat and Rescue boat davits clearly marked?","<Check point>
Check if quick release levers are colored. Check if control handles are also colored. Color is not needed to be specified.",,SPM VOL II 12.3,Common,221
F605,40,7316,"Emergency Preparedness (Life-Saving Apparatus)
Are boat davits in good order?","<Check point>
Check visually external appearance.","SOLAS
III/16
LSA Code",SPM VOL II 12.3,Common,222
F605,40,7317,"Emergency Preparedness (Life-Saving Apparatus)
Are boat falls in good order?","<Check point>
Check by interviewing Officers.
Also, check record of date of renewal.
Falls used must be inspected periodically.
Falls should be renewed when necessary due to deterioration or intervals of not more than 5 years which ever is earlier.","SOLAS III/20.4
MSC Circ. 1206",SPM VOL II 12.3,Common,223
F605,40,7318,"Emergency Preparedness (Life-Saving Apparatus)
Are gears, blocks, and winches in good order?
Are gears, blocks, and winches greased up properly?
Are maintenance, test and inspection based on the instruction or the guideline?
Are the check and operation examination by properly trained personnel familiar with the system carried out at least once a year?
Are overhaul and the actual load test of release gear performed at the interval which does not exceed five years?","<Check point>
For aged vessels, check plate thickness of sheaves. Check corrosion on hook/hook fitting plate.
Check to see if hole of grease nipple is blocked with paint applied or not. Check Certificate of maintenance and inspection.","SOLAS III/20.3 III/20.11
MSC Circ. 1093/1206",SPM VOL II 12.3,Common,224
F605,40,7319,"Emergency Preparedness (Life-Saving Apparatus)
Are limit switches on davits in good order?","<Check point>
Check if limit switches are stuck or not. Check if limit switches are broken or not.",,SPM VOL II 12.3,Common,225
F605,40,7320,"Emergency Preparedness (Life-Saving Apparatus)
Are lifeboat and life raft operating instructions displayed?","<Check point>
Check if instructions are on display
Check if instructions are suitable for Life boat and Rescue boat.
L/Boat and L/Raft operation instructions shall be easily understood by ship's crew. These instructions shall be posted under Emergency light.
<Annotation>
Posters or signs shall be provided on or in the vicinity of survival craft and their launching controls shall:
1. Illustrate the purpose of the controls and the procedures for operating the appliance and give relevant instructions or warnings;
2. Be easily seen under emergency lighting conditions; and
3. Use symbols in accordance with resolution A.760, as amended by MSC.82. (SOLAS III/9.2)",SOLAS III/9.2,SPM VOL 12.3,Common,226
F605,40,7321,"Emergency Preparedness (Life-Saving Apparatus)
Are batteries on Life boat and Rescue boat in good order? Are batteries on Life boat and Rescue boat fully charged?","<Check point> Check batteries. Check battery log.
Check room and canopy lights.",,SPM VOL II 10.9.7,Common,227
F605,40,7322,"Emergency Preparedness (Life-Saving Apparatus)
Are all crewmembers familiar with starting/stopping the boat engine?","<Check point>
Is boat engine operating instruction placed in the boat? Carry out Start/Stop Operation test for engine.
(On tankers, gas carriers and PCC in the private berth, it should be confirmed to terminal before starting.) Test engine after switching off supply from battery charger.
(PSC would request to start engine only battery electric source without charger.) If multi-method staring fitted, carry out each method.",SOLAS III/20.6,SPM VOL II 12.3,Common,228
F605,40,7323,"Emergency Preparedness (Life-Saving Apparatus)
<Applicable for vessel equipped with rescue boat davit only>
If the rescue boat davit is with hydraulic accumulator for swinging out the davit in case of power source failure, is the accumulator always fully charged?
Is the rescue boat, including its equipment and launching arrangement, in good order and are Officers familiar with the launch procedures?","<Check point>
Check if the accumulator is charged properly. Check if the crew is familiar with the operation.",,SPM VOL II 12.3,Common,229
F605,40,7324,"Emergency Preparedness (Life-Saving Apparatus)
Are life rafts in good order? Are life rafts stowed correctly?
Are the Officers aware of the maintenance requirements, and are liferafts including associated equipment well-maintained ready for use?","<Check point>
Check if the crew is familiar with the operation.
Check for markings on L/Raft capsule. Condition of cradle and embarkation ladder; painter is fast to strong point on ship.","SOLAS III/31.1.2 III/31.1.2.2
LSA Code VI/6.1.5",,Common,230
F605,40,7325,"Emergency Preparedness (Life-Saving Apparatus)
Are life rafts landed and serviced every year?","<Check point> Check record.
<Annotation>
For L/R s with 30 months validity for shore servicing , the maintenance shall be carried out by a trained  ship staff every year. The training record of such person shall be approved by the manufacturer.",SOLAS III/20.8,,Common,231
F605,40,7326,"Emergency Preparedness (Life-Saving Apparatus)
Are hydrostatic releases of life rafts, where fitted, correctly attached and in good order?","<Check point>
Check if no lashing belt is left.
Some types of life rafts are lashed with special belts.
For ""Hammar"" Hydrostatic release unit (HRU) (disposal type) - check for hologram for authenticity. (There are PSC reports that reconditioned ""Hammar"" HRU found on some ships.)",SOLAS III/13.4.1 III/13.4.2 III/13.4.3,,Common,232
F605,40,7327,"Emergency Preparedness (Life-Saving Apparatus)
Are forward life rafts and ladders in good order? Are handholds provided?","<Check point>
Check life rafts and ladders in forward area.","SOLAS III/11
LSA Code 4.2.4, 6.1.6",,Common,233
F605,40,7328,"Emergency Preparedness (Life-Saving Apparatus)
Are emergency lights at embarkation station in good order?","<Check point>
Check emergency lights.
Check if stands are stuck or not.","SOLAS
II-1/43.2.1 III/11.4 III/16.7",SPM VOL II 12.3,Common,234
F605,50,2406,"Bridge Management (Entering & Leaving Harbour)
Except whilst alongside, when locking bars should be in place, were the anchors cleared and ready for immediate use during port entry?
In secured condition, is there adequate clearance between locking bars and chain so that anchor can be used manually in emergency.","<Check point>
Anchors are lashed properly at sea.
Check if lashings are removed when vessel enters/leaves port.
Check if chain stoppers, locking bar (compression bar) are removed or enable to be removed immediately when vessel enters/leaves port.
Check if chain stoppers are set when vessel is on berth. Pin for chain stoppers are inserted in correctly.
<Annotation>
Whilst moored alongside, anchors not in use should be properly secured by brake and locking bar.",,Rightship 9.17,Common,235
F605,50,3500,"Deck Management (Hull & Structure)
Is the forward superstructure (bosun store) free from visible structural defects that warrant further investigation?","<Check point>
During rounds, look for any significant deep indentations, significant distortion, defects of structures/ fittings. Check latest class listing for significant memo or CoC.
Verify if regular verification and RA review of this defect is in place till permanent repairs are carried out. (For dry cargo vessel, N/A but if company has such requirement, this shall be noted as good practice.)",,SPM VOL II 15.0,Common,236
F605,50,3501,"Deck Management (Hull & Structure)
Is the general condition, visual appearance and cleanliness of the forward superstructure (bosun store) satisfactory?","<Check point>
Check general condition (oil strains, rust, paint, etc.) of superstructure.",,SSQE 15.7,Common,237
F605,50,3502,"Deck Management (Hull & Structure)
Is the hull free of any documentary or visual evidence to indicate any structural concerns?","<Check point>
Prior boarding the vessel, look for any visible signs of deep indentations significant distortion, defects on hull. Check latest class listing for significant memo or CoC.
Verify if regular verification and RA review of this defect is in place till permanent repairs are carried out. (For dry cargo vessel, N/A but if company has such requirement, this shall be noted as good practice.)",,SPM VOL II 15.0,Common,238
F605,50,3503,"Deck Management (Hull & Structure)
Is the general condition, visual appearance and cleanliness of the hull satisfactory?","<Check point>
Check general condition (oil stains, marine growth, rust, paint, etc.) of superstructure. If hull has paint failure and marine growth on it, describe in ""Auditor's Comment.""
<Annotation>
In the event of accidental or other exceptional discharge of oil, a statement shall be made in the Oil Record Book Part II of the circumstances of, and the reasons for, the discharge. (Oil Record Books Introduction Parts I and II).
Note: The hull should be free from oil staining, extensive coating breakdown or excessive marine growth. Record in comments approximate percentage coating breakdown or areas of marine growth. The hull may be oil stained by passing through an area of oil and not be recorded in the Oil record book. If the hull is stained in this way, record of passing through oil areas should be recorded in the deck log book if such transit occurred during daylight hours.","RESOLUTI ON MSC.261(84
)",,Common,239
F605,50,3504,"Deck Management (Hull & Structure)
Are weather decks free from visible structural defects that warrant further investigation?","<Check point>
During rounds, look for any significant distortion, defects of weather decks. Check latest class listing for significant memo or CoC.
Verify if regular verification and RA review of this defect is in place till permanent repairs are carried out. (For dry cargo vessel, N/A but if company has such requirement, this shall be noted as good practice.)
<Annotation>
Note: Inspection of weather decks should include checking for any evidence of wastage, structural problems including evidence of over- pressurization, collision contact or distortion from heavy weather.",,SPM VOL II 15.0,Common,240
F605,50,3505,"Deck Management (Hull & Structure)
Is the general condition, visual appearance and cleanliness of the weather decks satisfactory and are deck working areas clearly identified and provided with non-slip surfaces?","<Check point>
Check general condition (oil strains, rust, paint, etc.) of superstructure.",,SSQE 15.0,Common,241
F605,50,3506,"Deck Management (Hull & Structure)
If a helicopter landing or winching area is provided, does it meet ICS guidelines and, is there a safe access from the hatch cover to deck?","<Check point>  As per ICS guide,
Landing area shall not have any obstructions higher than 15cms. Documentary evidence of structural strength shall be on board.
Markings shall be clear and well maintained including obstacles in within landing or winching area.. Winching area shall be properly marked.
FFE for Helicopter operations shall be maintained as per ICS guide or local regulation, whichever is more strict Check:
1) Landing area mark- Mark H:  4.0m×3.0m×(0.75m wide)1m wide yellow touchdown/positioning marking circle
2) Winching area mark- Mark WINCH ONLY with ● minimum diameter more than 5m, 0.3m wide-broken yellow line with mark to space ratio of approximately 4:1
The access from hatch cover to deck should be a fixed height inclined ladder with fixed hand rails and front platform with operational load for two persons (150 KG). The steps and platforms should be made of non-slip materials.","AMSA
Marine Orders Part 57","ICS Guide to Helicopter/ Ship Operations 4th Ed.
Ch. 4
Rightship 5.44",Common,242
F605,50,3507,"Deck Management (Hull & Structure)
Are load lines and draft marks clearly indicated and correctly marked ?","<Check point> Check markings.
If multiple load lines are assigned, only the latest valid load line should be marked. Suggest draft mark soon be repainted unless clearly sighted.
<Annotation>
The permanent marking shall be plainly visible, clear of any other markings on the hull and shall be painted in a contrasting colour. (SOLAS XI-1/3.5.1)
The permanent marking referred to in paragraph 1 shall be not less than 200 mm in height. The permanent marking referred to in paragraph 2 shall be not less than 100 mm in height. The width of the marks shall be proportionate to the height. (SOLAS XI-1/3.5.2)",SOLAS XI-1/3.5.1 XI-1/3.5.2,SPM VOL II 15.0,Common,243
F605,50,3508,"Deck Management (Hull & Structure)
Are vessel's name and Identification number clearly indicated and correctly marked ?","<Check point> Check markings.
<Annotation>
The ship’s identification number shall be permanently marked:
- In a visible place either on the stern of the ship or on either side of the hull, amidships port and starboard, above the deepest assigned load line or either side of the superstructure, port and starboard or on the front of the superstructure; and,
- In an easily accessible place either on one end of the transverse bulkheads of the machinery spaces, or on one of the hatchways or, in the case of tankers, in the pump room. (SOLAS XI-1/3.4)
The permanent marking shall be plainly visible, clear of any other markings on the hull and shall be painted in a contrasting colour. (SOLAS XI-1/3.5.1)
The permanent marking referred to in paragraph 1 shall be not less than 200 mm in height. The permanent marking referred to in paragraph 2 shall be not less than 100 mm in height. The width of the marks shall be proportionate to the height. (SOLAS XI-1/3.5.2) The requirement for the ship’s identification number shall be complied with not later than the first scheduled dry-docking after 1st July 2004 for ships constructed before that date. (SOLAS XI-1/3)",SOLAS XI-1/3.4 XI-1/3.5.1 XI-1/3.5.2 XI-1/3,,Common,244
F605,50,3509,"Deck Management (Hull & Structure)
Is the vessel free from any visible bulkhead, valve or pipeline leakage liable to cause pollution?","<Check point>
Look for telltale signs of any spill overboard on the shipside.",,SPM VOL II 15.4.3,Common,245
F605,50,3510,"Deck Management (Hull & Structure)
Is the general condition of service pipework satisfactory and is it free from significant corrosion and pitting and soft patches or other temporary repairs?","<Check point>
Any hard rust on hydraulic pipe, hydraulic actuators; fixed fire, foam, DCP (Dry Chemical Powder) line etc. and soft patches or temporary repairs shall be considered as Finding.
<Annotation>
Notes: The following deck pipework should be examined, particularly on the underside, for external indications of corrosion and for patching or accelerated wear caused by rope abrasion:
- Hydraulic and pneumatic pipework;
- Fire mains and associated fittings;
- Deck steam lines;
- Compressed air lines;
- Tank cleaning lines.
Pipe securing arrangements should be intact and permit free movement of the pipes as necessary.",,SPM VOL II 15.4.3,Common,246
F605,50,3511,"Deck Management (Hull & Structure)
Are pipe stands, clamps, supports and expansion arrangements satisfactory?","<Check point>
Visual condition check to be done.",,SPM VOL II 15.4.3,Common,247
F605,50,3512,"Deck Management (Hull & Structure)
Is the general condition of electrical equipment, including conduits and wiring, satisfactory?","<Check point>
Check electric conduits and wiring support.
Check condition of fire retardant cement for maintaining fire boundaries in accommodation.",,SPM VOL II 10.8,Common,248
F605,50,3513,"Deck Management (Hull & Structure)
Are all deck openings, including watertight doors, Bridge windows and portholes, in good order and capable of being properly secured?","<Check point> Check lock handle.
Check door/window frames, etc.
Check the condition of rubber packing of watertight doors and portholes. The packing shall be free of any paint and without any gaps. Condition of steel channel housing the rubber packing shall be good. All dogs shall be working efficiently. Note last hydro or chalk test of these doors/ portholes.",,SPM VOL II 15.0,Common,249
F605,50,3514,"Deck Management (Hull & Structure)
Are fuel, ballast and other space vents and air pipes in good order and does visual evidence indicate regular maintenance?","<Check point>
Check rust of bonnets. Check operation of floats.
Check condition of open and closing device.
Mark ""NO"" if there is patch or temporary repair made.
Note: Vent heads should be regularly dismantled to prove that flame screens, where fitted are clean and in good order and that the closing device which prevents the ingress of water is also in good condition and operating correctly.",,SPM VOL II 15.0,Common,250
F605,50,3515,"Deck Management (Hull & Structure)
Are all vents and air pipes clearly marked to indicate the spaces they serve?","<Check point>
Check marking on tank vent cover.",,SSQE ANNEX 8,Common,251
F605,50,3516,"Deck Management (Hull & Structure)
Is local valve for FPT kept closed at sea except when ballasting operation is in progress?
Is opening/shutting operation smooth?","<Check point> Check local valve.
Check if opening/shutting operation is smooth. Check if valve is kept closed.",,,Common,252
F605,50,3603,"Deck Management (Deck Machinery-1)
Are moorings satisfactorily deployed and tended?","<Check point>
Check mooring condition.
Mooring lines of same material and strength shall be deployed. All lines for each lead shall bear similar tension.
<Annotation>
Mooring lines of the same size and type (material) should be used for all leads. Mooring lines should be arranged so that all lines in the same service are about the same length between the ship and the shore bollard.
Note: It is recommended that the entire area of the mooring deck is considered an area of elevated risk, particularly from snap-back, and that personnel are made aware when they are entering this elevated risk area.",,,Common,253
F605,50,3604,"Deck Management (Deck Machinery-1)
Are all mooring lines correctly reeled on drums, secured on brakes and winches out of gear?","<Check point> Verify following
1. Pay out direction should be marked as per manufacturers design;
2. Winch shall not be left in gear while on brake under tension
<Annotation>
A band brake is designed to work in one direction only, so the line must always be reeled correctly onto the drum. Each arrangement should be assessed on a case-by-case basis with reference to the manufacturer’s guidance. With lines correctly reeled, tension on the line should be in a direction that causes the free end of the band to be forced towards the fixed end, thereby forcing the two halves of the band together. (MEG 6.3.4.2)
Winches should never be left in gear with the mooring winch band brake on. Hydraulic or electric drives can suffer severe damage should the brake render. Mooring drums should always be left disconnected from the winch drive whenever the mooring line is tensioned and the band brake is fully applied.",,MEG 6.3.4.2,Common,254
F605,50,3606,"Deck Management (Deck Machinery-1)
Are mooring wires, ropes and synthetic tails and connecting apparatus in good order?","<Check point>
There shall be a system of periodic inspection of mooring wires, HMPE ropes and synthetic ropes and synthetic tails. Periodic lubrication of mooring wires shall be in place.
Splicing reduces the SWL by 10%. Minimum 5 tucks shall be allowed for splicing. Eyes of mooring ropes created by knots, e.g. Bowline knot are not acceptable.
<Annotation>
Notes: Splicing of ropes is acceptable, but reduces the strength of the rope by about 10%. Splices in eyes and for repairs should have a minimum of 5 tucks.
Particular attention should be paid to the eyes of mooring wires. If there are more than three broken wires in any strand, or five in any adjacent strands in a length of wire 10 times the diameter, the damaged part requires removal and the wire re-splicing.
There should be a routine for the maintenance of wires and the lubrication of them using a preservative which will effectively penetrate the strands and wires.
(for tankers)
All splices and repairs should be made in strict accordance with the manufacturer’s instructions and performed by a competent person. Records should be maintained of inspections and repairs for each line or tail.",,,Common,255
F605,50,3607,"Deck Management (Deck Machinery-1)
Are rat guards set on mooring lines in good order?",<Check point> Check rat guards.,,,Common,256
F605,50,3608,"Deck Management (Deck Machinery-1)
Are pedestal fairleads, roller fairleads and other rollers well-greased and free to turn and are bitts and chocks free of grooving?","<Check point>
Check by actually moving and external appearance.
Confirm pedestal fairleads, roller fairleads and other rollers are well greased and free to turn.
There shall be a system of periodic inspection and lubrication of pedestal rollers, roller fairleads and other rollers. There shall be no grooving on bitts and chocks.
The surface of bitts, chocks, rollers and mooring drums shall be smooth for deployment of HMPE ropes.",,Rightship 9.15,Common,257
F605,50,3609,"Deck Management (Deck Machinery-1)
Are mooring winches, including winch foundations in good order?","<Check point>
Verify that foundation and winch(s) are in good condition. Check oil leakage and condition of sight glass.
Check rust condition of winch beds and joining sections to deck.
Check each part of mooring equipment (including reduction gear) greased up is enough.
If mooring winches are electrically powered, are insulation tests carried out and the results recorded.",,SPM VOL II 16.1,Common,258
F605,50,3610,"Deck Management (Deck Machinery-1)
Do brake linings, drums and pins appear to be in good order?
Is there a procedure for testing the winch brake rendering setting and is it being tested regularly?
Is brake rendering point available on the brake screw lever?","<Check point>
Look for wear and tear of brake lining, hinge pins and condition of winch drums
<Annotation>
Notes: Defective brake gear is often evident, particularly on older vessels. Check the condition of cheek plates for wastage and distortion, the hinge pins and their retaining devices and the condition of the brake drum below the lining.
If there is significant wear on the brake linings, the brake adjustment screw may be at the limit of its travel and further tightening not possible.
Specific procedures for testing winch brakes should be made available on board.
Mooring winch brakes should be tested in accordance with winch brake manufacturer’s or ship-builder’s guidance or following repair or modification of associated parts.
Check if tests are conducted at least annually for all tankers (recommended by Rightship, BHP).
• The designed maximum heaving load of mooring winch motors, rendering capacity of winch brakes and direction of heave and lowering should be clearly marked on the mooring winch.
• The torque that is to be applied to the hand wheel or handle of the brake should be clearly marked on the winch.
•  Records of winch brake testing, including the torque required to achieve the correct rendering load should be maintained on board.",,SPM VOL II 16.1,Common,259
F605,50,3611,"Deck Management (Deck Machinery-1)
Are windlasses, anchors, locking bars and cables in good order and operating effectively?","<Check point>
Check that locking bar can be properly set to avoid full load of anchor chain on the brake. Check that each part of windlass equipment (including reduction gear) is greased up enough.
<Annotation>
Note: The condition of the locking bars should be checked to ascertain that they function correctly by locking the chain when the vessel is at anchor to prevent the brake having to take the full load of the cable.",,SPM VOL II 16.1,Common,260
F605,50,3613,"Deck Management (Deck Machinery-1)
Are clutch lever pins of windlasses/mooring winches in place?",<Check point> Check pins.,,SPM VOL II 16.1,Common,261
F605,50,3615,"Deck Management (Deck Machinery-1)
Are mooring lines secured to bitts and turned up correctly?","<Check point>
Check mooring condition. Verify following
1. one or two full turns on leading post of bitt prior 'figure of eight';
2. mooring rope is not made fast on warping drum;
<Annotation>
The recommended method of turning up a rope on bitts is to take one or two full turns around the leading post before figure of eight. The reason for this is to reduce the tendency to pull the two posts together. However when turning up unjacketed high modulus lines around bitts, for example when a tug’s line fast, two turns should be taken around the leading post prior to turning the line up in a figure of eight fashion (MEG 7.3.2)
Note: Mooring lines must not be secured to winch warping drums.",,"MEG 7.3.2
Rightship 9.13",Common,262
F605,50,3617,"Deck Management (Deck Machinery-1)
Are all mooring lines stowed neatly to minimize tripping hazards and are mooring areas clear and unobstructed?","<Check point>
Check mooring condition.
Mooring station shall be squared up of mooring lines, heaving lines, messengers etc. after mooring.",,Rightship 9.10,Common,263
F605,50,3626,"Deck Management (Deck Machinery-1)
On split drum winches, have the split drums been set up correctly after completion of mooring operation?","<Check point>
• Split drum winches are designed so that the line under tension is on the first wrap on the drum providing maximum holding power. Excessive turns should not be left on the working side of a split mooring winch (tension drum). -
If guidance is not available, a minimum of eight turns should be used (Rightship accept minimum 3 turns). Recommend to use bight protector on stowage side.
The rated holding capacity is only achieved with one layer of line on the tension section of the drum. Operation with additional layers will decrease the brake holding capacity.",,SPM VOL II 16.1,Common,264
F605,50,3627,"Deck Management (Deck Machinery-1)
Is the crew aware of the design limitations of their anchor windlass and systems?","<Check point>
Check crew should be familiar with all manufacturer equipment and operation manuals and understand the design/operating limitations of windlasses fitted.",,HRM 4.8,Common,265
F605,50,3623,"Deck Management (Deck Machinery-1)
Is mooring equipment marked with its SWL?","<Check point>
All bitts, chocks, fairleads shall be permanently marked with SWL.
The SWL of the fitting should be equal to or greater than the ship design MBL. (MEG 1.4.2)
<Annotation>
Each fitting should be clearly marked by bead weld outline with its SWL, in addition to any markings required by other applicable standards. The SWL should be expressed in tonnes (letter ‘t’) and be located so that it is not obscured during the operation of the fitting. It will not be the resultant load on the fitting which may be higher. (MEG 1.4.2)
Note: Some vessels have the mooring equipment marked in 'kN', which is an acceptable alternative.",,SPM VOL II 15.0,Common,266
F605,50,3701,"Deck Management (Deck Machinery-2)
Is a gangway provided?","<Check point> Check condition.
Gangways should not be used at an angle of inclination greater than 30° from the horizontal and accommodation ladders should not be used at an angle greater than 55° from the horizontal, unless designed and constructed for use at angles greater than the above.
Gangways should never be secured to a ship’s guardrails unless they have been designed for that purpose. If positioned through an open section of bulwark or railings, any remaining gaps should be adequately fenced.
A safety net should be mounted beneath accommodation ladders and gangways where it is possible that a person may fall from the means of embarkation and disembarkation or between the ship and quayside.
Check condition of the handrail.
Check safety lines installed between the handrails, and not slack.
<Annotation>
Any gap between the dockside and the ship, whereby a person on the ship's means of access might fall into the water, should be protected by a safety net, of suitable size, mesh and construction, secured to the ship and dockside, as appropriate.
When using additional wharf short ladder, a proper Risk Assessment be made when using such means of access where the inspection and testing regime is unknown.
A ship’s gangway consists of a straight, lightweight bridging structure provided with side stanchions and handrails. The walking surface has a non-slip surface or transverse bars to provide foot grips for when it is inclined. It is rigged perpendicular to the ship's side and spans between the ship's rail and the working deck of the berth. (ISGOTT 16.4.3.2)","MSC.1/Circ. 1331,
Guidelines for Constructio n, Installation, Maintenanc e and Inspection/S urvey of Means of Embarkatio n and Disembarka tion, 2009",SPM VOL II 16.3.8,Common,267
F605,50,3702,"Deck Management (Deck Machinery-2)
Are accommodation ladders, gangways, pilot ladders where fitted, maintained in good condition and inspected regularly?","<Check point>
Check corrosion of platforms, and bends of handrails/ platforms. Check condition of Hoisting Wire
Check standard of Hoisting Wire replacement Check inspection and maintenance record
For vessels constructed on or after July 01 2012, there shall be Certificate showing that Pilot ladder is compliant with IMO Resln 1045(27).  It is not applicable for vessels constructed before July 01 2012 (only recommended as reasonably as practicable).
Check if SWL and the permissible numbers of person are displayed on the gang way.
Accommodation ladder or gangway should be clearly marked at each end with a plate showing maximum number of persons allowed at one time, maximum and minimum permitted design angles of inclination, design load, maximum load on bottom end plate, etc.
<Annotation>
All wires used to support the means of embarkation and disembarkation shall be maintained and inspected with special regard to the areas passing through sheaves. The falls should be ‘renewed when necessary due to the deterioration of the falls or at intervals of not more than five years, whichever is the earlier as per SOLAS III/20.4, SOLAS II-1/3- and MSC.1/Circ.1206.","SOLAS II-1/3.9
MSC.1/Circ 1196
1331/3.5
SOLAS V/23
SOLAS III/20.4,  II-
1/3
IMO Res.1045(2 7)",SPM VOL II 16.3.8,Common,268
F605,50,3704,"Deck Management (Deck Machinery-2)
Are Pilot boarding and access arrangements satisfactory?","<Check point>
Check visually external appearance.
Check steps, spreaders, manropes, marine ropes, etc. If combination arrangement is used then
Combination ladder shall be in compliance with IMO MSC.1/Circ.1428.
Check if Pilot transfer arrangement poster is in compliance with  MSC.1/Circ.1428.","SOLAS V/23.3.2 V/23.3.3.2 V/23.4 V/23.8
MSC.1/Circ. 1428.",INT/Permanent/2020/003 - Focus on Pilot ladder condition and pilot access,Common,269
F605,50,3801,"Deck Management (Accommodation & Stores)
Are all loose gear on deck, in stores and in internal spaces properly secured and maintained?","<Check point> Check condition.
All loose gear, pipes, drums etc. shall not be secured with pipework e.g. drain pipes etc.
Check SPM E 448 Loose Gear Inspection Record",,,Common,270
F605,50,3802,"Deck Management (Accommodation & Stores)
Are the chain locker doors securely battened down?",<Check point> Check condition.,,,Common,271
F605,50,3803,"Deck Management (Accommodation & Stores)
Is the general condition of service pipework on deck including Bosun Store satisfactory and is it free from significant corrosion and pitting and soft patches or other temporary repairs?","<Check point> Check condition.
Any hard rust on hydraulic pipe, hydraulic actuators; fixed fire, foam, DCP line etc. AND soft patches or temporary repairs shall be considered as Finding.
<Annotation>
Notes: The following deck pipework should be examined, particularly on the underside, for external indications of corrosion and for patching or accelerated wear caused by rope abrasion:
- Hydraulic and pneumatic pipework;
- Fire mains and associated fittings;
- Deck steam lines;
- Compressed air lines;
- Tank cleaning lines.
Pipe securing arrangements should be intact and permit free movement of the pipes as necessary.",,SPM VOL II 15.0,Common,272
F605,50,3804,"Deck Management (Accommodation & Stores)
Is the forecastle space free of water, internal spaces and storerooms clean, free from debris and tidy?","<Check point> Check condition.
Check Water tightness, tidiness and cleanliness, leak from hydraulic equipment, etc. Check Rubber packing for openings.
Verify that warning is posted near bilge discharge valve against accidental oily water mixture discharge.
If fitted, test the bilge high level alarm. Check record.",,SSQE 5.17,Common,273
F605,50,3805,"Deck Management (Accommodation & Stores)
Have heaving lines been constructed with a monkey’s fist at one end free of any added weighting material?","<Check point>
• Check the  “monkey’s fist” should be made with rope only and must not contain added weighting material.
<Annotation>
Safe alternatives include a small high-visibility soft pouch, filled with fast-draining pea shingle or similar, with a weight of not more than 0.5 kg. Under no circumstances is a line to be weighted by items such as shackles, bolts or nuts, or twist locks.","AMSA
Marine Notice 16- 2018","Code of
Safe Working Practices for Merchant Seafarer’s, 2017",Common,274
F605,50,3903,"Deck Management (Others)
Are light fittings in gas-hazardous areas Ex 'd' rated and in good order? (Battery Room, Paint Store, and other gas hazardous areas)","<Annotation>
Notes: Lights will be either explosion-proof or pressurized. The flame paths of explosion-proof lights should not be painted over. Fluorescent fittings will generally have flame paths at each end.
The manufacturer’s or Administration’s certificate approving the fitting for use in gas-hazardous areas will be invalidated if the correct bolts for securing the cover, or the correct light bulb size, are not used.
Particular attention should be paid to the following:
- Cracks in metal, cracked or broken glasses or failure of cement around cemented glasses in flameproof or explosion proof enclosures;
- Covers of flameproof enclosures to ensure that they are tight, that no bolts are missing, and that no gaskets are present between mating metal surfaces;
- Each connection to ensure that it is properly connected;
- Possible slackness of joints in conduit runs and fittings;
Vent fan, cargo pump and cargo winch motors and lighting are likely to be found within gas-hazardous areas. An Ex‘d’ rating means that the equipment can withstand an internal explosion without igniting the outside atmosphere. Ex ‘e’ is an increased safety rating.",,SPM VOL II 10.13,Common,275
F605,50,4602,"Machinery Management (Electrical Equipment)
Are the deck and accommodation lights all operational and sufficient in number and range to illuminate the deck to facilitate safe working during darkness?","<Check point> Check deck lights.
Verify that all deck lights are properly trimmed and in good working condition
<Annotation>
Notes: The level of deck lighting should be adequate to allow:
- Sufficient visibility to permit safe access to all areas of the deck
- The safe use of mooring equipment;
- The monitoring of the deck area for spills and leakages;
- The monitoring of all deck areas and the adjacent surrounding areas to prevent unauthorized access.",,SPM VOL II 10.13,Common,276
F605,50,5018,"Cargo & Ballast Management (Dry Cargo Common)
Is the cargo crane machinery including controls in the operator’s cabin, inspected, tested and maintained as per manufacturer’s recommendations and PMS?","<Check point>
1. Crane cabs should not have a paint smell.
2. The crane cab should be clean (free from apparent leak, trash and grease). 3. Crane seats should be in good condition (wobbly chairs are not allowed).
4. Crane windows should be clean (free of grease, paint, and condensation). 5. All wipers on windows should be in working condition.
6. If no heavy corrosion of Crane Operator’s Cabin including the Floor, cabin bolts, etc.; 7. Check PMS
7. Check SPM E 419 CRANE MAINTENANCE CHECKLIST is being utilized.
8. Check BGCM S 204 Vessel Crane Inspection checklist",,"SPM VOL II 16.2
BGCM 14.11.4
SSQE 5.6",Common,277
F605,50,7408,"Emergency Preparedness (Fire Fighting Equipment)
Are fire mains, pumps, hoses and nozzles in good order and available for immediate use?","<Check point>
Visual condition check to be done. Check patch, double, etc.
Check leak from fire hydrants.
PSC will not accept any temporary repair.",,SPM VOL II 11.7.2,Common,278
F605,50,7409,"Emergency Preparedness (Fire Fighting Equipment)
<Applicable vessel only>
Is vessel provided with firefighting equipment for helicopter operations? Is firefighting equipment for helicopter operations in good order?
Are the fire hose laid, connected and charged with water?
Are the foam hoses length enough to reach from the hydrant to helicopter working area?","<Check point>
Check if vessel is provided with:
Dry powder - 1 or 2 extinguisher with total capacity of not less than 45kg
CO2 - 1 or 2 extinguisher with total capacity of not less than 18kg (Refer - Class NK TEC0762) Foam System - as per chapter 4.7 of ICS
Fire hoses - at least 2 nozzle with dual purpose type (jet / spray) Fireman's outfit - 2 complete outfit
Emergency tools - red emergency signalling lamp, large axe, crowbar, adjustable wrench, fire resistant blanket, 60cm bolt/wire cutters, grab or salving hook, heavy duty hacksaw (w/ 6 spare blades), ladder, fireline 5mmdia. x 15m in length, side cutting pliers, set of assorted screwdrivers, harnesss knife complete with sheath and first aid kit.
It is not necessary to store all these in one place.","SOLAS II-2
Reg. 18","ICS Guide
to Helicopter/S hip Operations 4.7
Rightship 5.44
Class NK TEC0762
AMSA
Marine",Common,279
F605,50,7410,"Emergency Preparedness (Fire Fighting Equipment)
Are fire flaps on fan room and cargo hold ducts clearly marked to indicate the spaces they serve and can readily be closed in good order?","<Check point> Check markings.
Check numbering or naming.
Check condition of fan room, fan casing, wire net, etc.
Dampers are clearly marked for easy opening/closing operations.
If possible, check flap/lid of damper and confirm it is not heavily damaged by corrosion.",,SSQE ANNEX 8,Common,280
F605,50,7411,"Emergency Preparedness (Fire Fighting Equipment)
Are the crew familiar with the fixed and portable fire extinguishing systems, where fitted, in good order and are clear operating instructions posted?","<Check point>
Check to see if portable fire extinguishers are placed outside.
Pictographic operating instructions for fixed fire fighting systems, where fitted. All valves clearly marked. Check that nozzles of water spray system in Paint locker are not blocked with pale of paint/ thinner.
<Additional check point for Japanese and Panamanian Flag Vessels only> Provision of any of foam, CO2 or dry chemical extinguishers.
*If water-spraying systems approved by flag state are provided, no portable fire extinguishers are required.
<Additional check point for Liberian Flag Vessels only>
1) New vessels built in and after February 1992 -
For floor area of less than 10 ㎡:  either 1 portable fire extinguisher of CO2 gas of 6.8 kg or 1 dry chemical extinguisher of 4.5 kg.
For floor area of more than10 ㎡:  Any of fixed fire extinguishing system of CO2, dry chemical system or water- spraying system operable from outside.
2) Existing vessels - 10 ㎡ above reads 20 ㎡.","SOLAS II-2/18.7
II-2/10.6.3.1
II-2/10.6.3.2
II-2/10.6.3.3",HRM 4.8,Common,281
F605,50,7412,"Emergency Preparedness (Fire Fighting Equipment)
Is flame arrester/screen of vent opening in good order?","<Check point>
Check to see if flame arrester is removed or broken.",,Rightship 13.07,Common,282
F605,50,7413,"Emergency Preparedness (Fire Fighting Equipment)
Are the crew familiar with the CO2 cylinder or tank fixed fire extinguishing systems, where fitted, and is in good order and are clear operating instructions posted?","<Check point>
Pictographic operating instructions for fixed fire fighting systems, where fitted. All valves clearly marked. Check to see if actuating box is unhooked in vibrations.
If one tank type, check condition of refrigeration unit and tank level. Check pressure of starting bottle, if possible.
Check general condition of CO2 cylinder/tank. Check general condition of room inside.
Note this room is not used as storeroom.
Check if blown through with compressed air and checked to ensure they are free of dust and debris.",,HRM 4.8,Common,283
F605,50,7414,"Emergency Preparedness (Fire Fighting Equipment)
Is key to box for releasing CO2 managed properly?","<Check point>
Check who manages key and where key is kept. Mark ""N/A"" if key is not provided for box.",,SPM VOL II 11.8,Common,284
F605,50,7415,"Emergency Preparedness (Fire Fighting Equipment)
Are records available to show that samples of foam compound have been tested at regular intervals?","<Check point>
For fixed foam fire fighting system, foam concentrate shall be initially tested after 3years of delivery then after every year. Original and valid Foam test Certificate shall be on board.
<Annotation>
Protein based alcohol foam concentrates should be subject to a stability test with Acetone.
Except for tests above, the first periodical control of foam concentrates should be performed not more than 3 years after being supplied to the ship, and after that, every year. The tests required above should be performed prior to delivery to the ship and annual thereafter. (MSC.1/Circ 1312).",MSC.1/Circ. 1312,Rightship 5.27,Common,285
F605,50,7416,"Emergency Preparedness (Fire Fighting Equipment)
Are the crew familiar with foam fixed fire extinguishing systems, where fitted, in good order and are clear operating instructions posted?","<Check point>
Pictographic operating instructions for fixed fire fighting systems, where fitted. All valves clearly marked. Check liquid level in storage tank.
Check leaks.
Check general condition of room inside. Note this room is not used as storeroom.",,HRM 4.8,Common,286
F605,50,7417,"Emergency Preparedness (Fire Fighting Equipment)
Are the crew familiar with Hypermist fixed fire extinguishing systems, where fitted, in good order and are clear operating instructions posted?
Is there a minimum test of one section in each open head water mist system by flowing water through the nozzles?
<The sections tested should be chosen so that all sections are tested within a five-year period>","<Check point>
Pictographic operating instructions for fixed fire fighting systems, where fitted. All valves clearly marked. Check that Hypermist system is on ""AUTO"" mode and that water inlet valve is kept OPEN at all times.
Check the control panel and confirm the changeover switch is kept turned ON.(Sometimes it is kept turned OFF intentionally) Check if fire detectors for automatic start are not isolated/disabled.
Check by interviewing and confirm the officers know how to use it
Check water supply valve and confirm it is OPEN.(Sometimes it is kept CLOSED intentionally) Check liquid level in storage tank, if fitted, and check leaks.
Check quality of water as per manufacturer's guideline (if fitted with dedicated tank).",MSC.1/Circ. 1516,HRM 4.8,Common,287
F605,50,8104,"Pollution Prevention (Oil Pollution Prevention)
Are means readily available for dealing with small oil or chemical spills?","<Check point>
Check the inventory of Oil Spill containment equipment in SOPEP or SMPEP. Enquire the reason, if there is any reduction in oil dispersant chemical.
Check if materials/equipment are ready for use during cargo work or bunkering. Check storage place of solvent and dispersant.
Check record of quantity of materials/equipment.",,SSQE 7.2.11,Common,288
F605,50,8106,"Pollution Prevention (Oil Pollution Prevention)
Are unused cargo and/or bunker pipeline manifolds fully bolted and are all drains and vents and unused gauge stems, suitably blanked or capped?","<Check point>
Bunker and cargo manifolds, gauge and temperature stems, drains and vents shall be blanked or capped. Bolts should be of sufficient length and all nuts to be fully screwed.",,SPM VOL II 9.13.6,Common,289
F605,50,8107,"Pollution Prevention (Oil Pollution Prevention)
Is the ship fitted with a main deck boundary coaming and scupper arrangement that is effectively plugged during operations?","<Check point>
Check all deck scuppers.
Vessels engaged in bunkering are required to have all deck scuppers plugged",,SPM VOL II 9.10,Common,290
F605,50,8109,"Pollution Prevention (Oil Pollution Prevention)
Are bunker pipelines been satisfactorily tested atleast annual  basis and is there suitable evidence of this test?","<Check point> Check record
Pipe lines shall be stenciled with date of test and value of pressure test.
- The frequency of the tests and inspections required by this section must be annually or as part of the biennial and mid-period inspections.
Bunker pipe lines shall be pressure tested to
1. 100%MAWP (max. allowable working pressure) annually. Compressed Air shall not be used as means of pressure testing.
2. 150%MAWP during each scheduled dry docking",CFR Title33 156.170,SPM VOL II 9.25,Common,291
F605,50,8300,"Pollution Prevention (Bilge)
Are the overboard valve and intermediate valves properly closed after discharging hold bilge?",<Check point> Confirm by Interview,,,Common,292
F605,50,9509,"Safety Management (Safety Culture)
Are all movable objects on deck or in each storeroom properly secured?","<Check point>
Check movable objects.
Check free from debris and tidy.",,SSQE 5.17,Common,293
F605,50,9510,"Safety Management (Safety Culture)
Are paints stored in specified place?","<Check point>
Check if paints are stored in Bosun's Store, Steering Gear compartment, or Engine Room workshop. Check by interviewing deck crew where paints are stored.
Check also how paint cans are secured. Paints must be stored only in specified place. Check MSDS available.",,SSQE 5.17,Common,294
F605,50,9607,"Safety Management (Work Environment)
Is gas welding and burning equipment in good order ?","<Check point>
Check dedicated storage place. Check regulator and pressure gauge. Check hoses and connections.
Check if outlet valves are closed when not in use.
Check valves and flashback arresters fitted to those in use both on Deck and ER workshop (except PCC and container). Label empty cylinders as ""Empty cylinder"" and store them away from full cylinders.
Check cylinder condition.
Check piping should be of steel welded construction and bolted flanges are prohibited.",,SPM VOL II 10.41,Common,295
F605,50,9608,"Safety Management (Work Environment)
Are spare oxygen and acetylene cylinders stored apart in a dedicated storage area and is the storage area in a clearly marked, well-ventilated position outside the accommodation and engine room?","<Check point>
Oxygen and acetylene cylinders shall be stored separately.
Storage areas should provide good ventilation, be free of combustible material and not exposed to salt or other corrosive chemicals. Make shift connections from any of gas cylinders are strictly forbidden.
Safety guidelines / Work Instructions posted.",,SSQE 6.4.2,Common,296
F605,50,9609,"Safety Management (Work Environment)
Do decks working areas are clearly identified with non-slip surfaces?","<Check point>
Confirm that decks in working areas have clearly identified non-slip surfaces.
Mooring stations and other working areas on deck shall be painted with non-slip paint and periphery shall be painted with contrasting color for easy identification of these areas.",,Rightship 13.3,Common,297
F605,50,9702,"Safety Management (Safety Equipment)
Is the safety equipment inspected on board monthly and are records available?","<Check point>
Check the inspection record.
<Reference>
Safety equipment such as; Pyrotechnics
MOB Markers EPIRB
SART
GMDSS Walkie-Talkie Life Jacket Lights Immersion Suit Light
Lifeboat with its equipment's
Life raft (include Hydrostatic Release Unit) with its equipment's Fire Extinguishers
Fire Hoses
BA Compressor SCBA bottles O2 resuscitators
FO Emergency shut off valves Gas Detectors
O2 Analyzers
Barometer Alcometer",,SSQE 8.3.13,Common,298
F605,50,9800,"Safety Management (Security)
Is an adequate deck watch being maintained to prevent unauthorized access in port?","<Check point>
Gangway watch as per prevailing security level. Checking photo IDs of all visitors prior allowing on board. Visitors shall be escorted by ship's crew to Master or designated room as directed by SSO.
Confirm ship ID/tag delivery for visitors.
<Annotation>
Note: The deck watch should ensure that access to the ship is denied to all unauthorized persons.",ISPS Code B/9.14.1,SSP 10.0,Common,299
F605,50,9802,"Safety Management (Security)
Are ship security records related to port calls being maintained?","<Check point> Confirm KSM Form 176 Port Visited Record maintained
Record of last ten port calls shall be readily available on board
<Annotation>
The ship shall keep records for the last ten calls at port facilities. (SOLAS XI-2/9.2.3)
Note: The required detail of the records is considerable and is contained in SOLAS XI-2/9.2.1.",SOLAS XI-2/9.2.1 XI-2/9.2.3,SSP 9.0,Common,300
F605,50,9803,"Safety Management (Security)
Are records of training and maintenance of equipment related to the ship security plan available?
Does the vessel have a routine to regularly test the ship security alert system?","<Check point> Confirm record. Check evidence of
1. last SSAS test - KSM Form 179 Ship Security alert test record
2. last Ship/ Shore Annual security drill
3. Shipboard security drills
4. Key management
<Annotation>
Records should include:
- Training, drills and exercises;
- Security threats and security incidents;
- Breaches of security;
- Changes in security level;
- Communications relating to the direct security of the ship such as specific threats to the ship or to port facilities the ship is, or has been, in;
- Internal audits and reviews of security activities;
- Periodic review of the Ship Security Plan;
- Implementation of any amendments to the plan;
- Maintenance, calibration and testing of any security equipment provided on board, including testing of the ship security alert system. (ISPS Code Part A/10.1)",ISPS Code Part A/10.1,"SSP 17.0
SSP 32.0
SSP 5.0",Common,301
F605,50,9804,"Safety Management (Security)
Has a security officer been designated and trained to undertake this role?","<Check point> Confirm by interview. Check certificate.
SSO certificate by flag state administration",ISPS Code Part A/12.2 Part B/13.1 and 2,SSP 4.0,Common,302
F605,50,9805,"Safety Management (Security)
Does the vessel have evidence to show staff are trained to undergo security duties?",<Check point> Confirm by interview. Check certificate.,ISPS Code Part B/13.3 and 4,SSP 32.0,Common,303
F605,50,9807,"Safety Management (Security)
Does Master and Crew know the name of the CSO, or where details are posted?","<Check point>
Check Flag State approval letter or an endorsement stamp on the Ship Security Plan (SSP). Crew should know the name of the CSO or where details are posted.",,SSP APP E,Common,304
F605,50,9809,"Safety Management (Security)
Does the vessel have a voyage/transit security risk assessment?","<Check point>
Voyage/transit security risk assessment reviewed and updated prior to entering a security risk area.",,,Common,305
F605,50,9810,"Safety Management (Security)
Does the vessel have procedures for vessel hardening (razor wires, scanjet,…)?","<Check point>
Check procedures and if crew are familiar.
<Annotation>
The OCIMF information paper “Ship Security – Guidelines to Harden Vessels’ provides guidance on establishing procedures and implementing a vessel hardening plan.
The ship should maintain records to demonstrate implementation, when required through risk assessment, of hardening procedures such as entries in log book or work plans.
If the vessel does not have procedures for vessel hardening, then provide reasons in comments.",,,Common,306
F605,50,9811,"Safety Management (Security)
Has the company provided a list of security charts, publications and guidelines to the ship?","<Check point>
Check such security charts, publications and guidelines’ may include:
• Relevant UKHO security charts
• Industry best management practice guidance
• Any other company specific guidance",,Rightship 11.8,Common,307
F605,50,3517,"Deck Management (Hull & Structure)
Are hatch covers, hatch coamings, etc. in good order?
Are master/chief officer suitably trained in the inspection and maintenance of hatch covers?
Are officers familiar with emergency hatch cover operation arrangements","<Check point>
Check SPM E 422 Hatch cover and coaming inspection used by the vessel for inspection.
Check hatch cover sealing. Check drain holes, pipe lines, etc. Check followings;
Hatch cover top/sides/bottom, rubber packing, meeting joints, compression bars, water ways; hatch cover cleats, catwalks, steps, handrails and part around hatch covers/coaming, including water way drain pipes.
Check if Rest Pads and Landing Pads cleaned and thin coat of grease applied.",,"SPM VOL II 15.0
BGCM 4.15.2",Common,308
F605,50,3518,"Deck Management (Hull & Structure)
Are following in cargo holds in good order?
-Side wall, bulkhead, floor, tank top, escape hatch, hold ladder, handrail, bilge well in good order and tested, sounding pipe, side sparring, air pipe, manhole cover, etc.","<Check point>
Check SPM E 414 Cargo hold structural inspection used for inspection by the vessel.
Check by entering holds.
(There is no need to enter all holds for inspection, but it is requested to enter as many holds as possible to inspect) Check followings;
Side wall, bulkhead, floor, tank top, escape hatch, hold ladder, handrail, bilge well, sounding pipe, side sparring, air pipe, manhole cover, etc.
<Annotation>
Non-return valves must be checked to ensure they are fully operational. Overhaul of non-return valves at regular intervals should be incorporated into the planned maintenance system. Inspection and testing of these non-return valves should be incorporated in the pre- loading checks of the holds. Presence of previous cargo residues and/or scale around the valve’s seat may prevent the correct operation of the non-return valve.
Bilge lines should be blown back to confirm the effectiveness of the valves regularly. Bilge high-level alarms should be tested regularly.
Records of testing of alarm systems should be retained on board.

Rusty condition in the hold shall be reported KSM every 4 Monthly","(Hold bilge systems, 2008)",SPM VOL II 15.0,Common,309
F605,50,3519,"Deck Management (Hull & Structure)
Are water ingress detector and alarm system (WIAS) maintained in good condition and are the records of tests being maintained?","<Check point>
Check maintenance and condition of WIAS
<Annotation>
• In each cargo hold, giving audible and visual alarms, one when the water level above the inner bottom in any hold reaches a height of 0.5m and another at a height not less than 15% of the depth of the cargo hold but not more than 2.0 m. On bulk carriers to which regulation 9.2 applies, only the latter alarm need be installed. The water level detectors shall be fitted in the aft end of the cargo holds. For cargo holds which are used for water ballast, an alarm overriding device may be installed. The visual alarms shall clearly discriminate between the two different level detectors in each hold;
• In any ballast tank forward of the collision bulkhead required by regulation II-1/11, giving an audible and visual alarm when the liquid in the tank reaches a level not exceeding 10% of the tank capacity. An alarm overriding device may be installed to be activated when the tank is in use; and
• In any dry or void space other than a chain cable locker, any part of which extends forward of the foremost cargo hold, giving an audible and visual alarm at a water level of 0.1 m above the deck. Such alarms need not be provided in enclosed spaces the volume of which does not exceed 0.1% of the ship’s maximum displacement volume.
• The audible and visual alarms specified in paragraph 1 shall be located on the navigation bridge. The record of testing of alarm systems should be retained on board.","SOLAS, XII 2014
Reg, 12
(Resolution MSC.188
(79)/Perform ance Standard for Water Level Detectors 2004)",SPM VOL II APP 2,Common,310
F605,50,5000,"Cargo & Ballast Management (Dry Cargo Common)
Are cargo gears (derricks, cranes, provisions cranes, bunker davits, belt conveyors, container spreaders, etc.) in good order and is there recorded evidence of regular inspection?
Has a thorough examination and load test of lifting appliances been carried out and is the record of the test and examination being maintained properly?
Inspection should be included under the PMS system.","<Check point>
Check by interviewing crew and stevedores. Check operations.
Check Wires, blocks, sheaves and other parts of cargo gears.
There should be on board an appropriate test certificate for all wire ropes on board; that is for all of those in use and for all spare wire ropes.
Safe working loads are marked on cargo gears.",,SPM VOL II 16.2,Common,311
F605,50,5013,"Cargo & Ballast Management (Dry Cargo Common)
Are tank top of cargo hold in good condition ?","<Check point>
In the past events, there was an accident of flooding from pin hole on the tank top due to corrosion.",,SPM VOL II 15.0,Common,312
F605,50,5014,"Cargo & Ballast Management (Dry Cargo Common)
Are Fuel Oil pipe line in the cargo hold in good condition, if applicable ? Confirm there are no signs of oil leakage from valves or flanges ?","<Check point>
Check condition in cargo hold.",,SPM VOL II 15.0,Common,313
F605,50,5300,"Cargo & Ballast Management (Bulk-Common)
Are followings observed when use cargo hold as ballast tank?
- Is procedure of ventilator operation established?
- Is caution notice exhibited near ballast hold ventilator clearly?
- Is operation procedure prepared nearby the ballast console or in the ships office in some way?
- Are seat rings of hold ballast suction valves inspected periodically?","<Check point>
- Check to see if warning is on display at conspicuous place near each cargo hold/ballast tank ventilator.
- Check to see if operational procedures are prepared near ballast console.
- Check by interviewing Chief Officer if he knows operational/check procedures by heart.",,,Common,314
F605,50,5301,"Cargo & Ballast Management (Bulk-Common)
Are there any corroded, bent, or damaged bolts on the manhole cover between the ballasting tank and the ballasting cargo hold?","<Check point>
- Check manholes and bolts",,SPM VOL II 15.0,Common,315
F605,50,5302,"Cargo & Ballast Management (Bulk-Common)
- Are operating devices on hatch covers/middle decks/beams, etc. in good order?
Hydraulic cylinders, rollers, hydraulic pipes, hatch cover chains, fan room, cargo hold ducts, evaporator spaces, operation stand etc.
Slackness, rust, twisting of driving chain
- Any oil leakage from hydraulic machines?
- Is the operating control box for the hatch covers free from any oil leak?
- Are hydraulic lines or hoses for deck machinery checked before entering port?","<Check point>
- Check oil leaks.
- Check ducts.
- Check evaporator spaces.
- Check damage to gratings, side sparring.
- Check around hatch cover.",,"SPM VOL II 15.0
SPM VOL II 18.0",Common,316
F605,50,5303,"Cargo & Ballast Management (Bulk-Common)
- Are hatch covers, hatch coamings, etc., in good order?
*When closed, doesn't the hatch cover touch the top of the hatch coaming? (Are abrasions of hatch cover rest pad, sliding pad and locators within permissible limits?)
*Maintaining flexibility of rubber packing
*Breakage and bending compression bars
*Remarkable rust around water-ways, blockage(clogging) of drain pipes, preventive action taken to avoid cargo falling down and clogging the drainage holes
*Was the end stopper for the cargo hatch cover set appropriately? (Are hatch covers fixed by setting the end stopper so that it does not move when the hatch covers are opened or closed?)","<Check point>
- Check oil leaks.
- Check ducts.
- Check evaporator spaces.
- Check damage to gratings, side sparring.
- Check around hatch cover.",,KSM Circular EXT/Permanent/2021/007,Common,317
F605,50,5304,"Cargo & Ballast Management (Bulk-Common)
Is there any risk of cargo contamination due to damaged and/or corroded hold structures (spiral ladder, vertical ladder, any of several pipes)?",Check the actual condition by going down the ladder to the bottom of the cargo hold.,,SPM VOL II 15.0,Common,318
F605,50,5305,"Cargo & Ballast Management (Bulk-Common)
Is following countermeasure to prevent serious damage of bulkhead by ballasting?
1. Chief officer must understand the limitations of port use ballast tanks through the loading manual.
2. Chief officer must make a cargo-loading plan that includes the ballast operation and identity limitation of port use ballast hold, if have.
3. The company must provide the procedure / Work Instruction for ballasting/de-ballasting operation, including the following measures of limitation of hold ballasting.
- A permissible water level and caution mark should be displayed as plainly on all port-use ballast holds (cargo hold BHD and hatch cover air-vent).
- A sounding height of a permissible level and caution mark should be displayed as plainly on all sounding points for port-use ballast holds.
- A permissible water level and caution should be displayed as plainly at a suitable place on the ballast console or Ship's office.
- A notice indication – a comprehensible rough sketch of the permissible water level for each port-use ballast hold – should be displayed in the ship’s office.
4. Carry out adequate and frequent soundings, especially when the level
comes close to planned limits.
5. Establish immediate communication between the ballast-pump station, local valve and the sounding crew on site.","- Check to see if warning is on display at conspicuous place near each cargo hold/ballast tank ventilator.
- Check to see if operational procedures are prepared near ballast console.
- Check by interviewing Chief Officer if he knows operational/check procedures by heart.",,,Common,319
F605,50,5501,"Cargo & Ballast Management (Chip)
Are the rusts and paints of cargo holds removed before painting? Confirm there is no rust plate and paint flakes in cargo holds?",Check condition of paint of hold and coaming (especially around compression bar) Lower part of hold (approximately hopper and tank top) must not be painted..,,SPM VOL II 15.0,Common,320
F605,60,1213,"Crew Management (Training)
Are the ship’s officers able to demonstrate their familiarisation with the operation of fixed and portable fire fighting, lifesaving and other emergency equipment?","<Check point>
Check by interviewing Officers.
Check if officers can demonstrate correct procedure of operation of fixed fire fighting system, Emerg Generator, the main and emergency fire pumps, the emergency steering gear, the donning and use of breathing apparatus and oxygen resuscitation equipment.",,HRM 4.8,Common,321
F605,60,1403,"Crew Management (Health)
Are medicines properly controlled?","<Check point>
Check expiry dates of medicines.
It is recommended that Master control, in locked storage place, medicines which require special care - psychoactive medicines, etc. Note:
1) Medicines are inventoried
2) Expired medicines are separated and controlled.
3) Prescription medicines taken by crew on board are monitored by Master. 4) Dispensing of medicine on board is recorded in Medical Log.",,HRM 9.5.4,Common,322
F605,60,3806,"Deck Management (Accommodation & Stores)
Are personnel alarms in refrigerated spaces in good order and operational?","<Check point>
Verify if personnel alarm is being regularly tested and functional.",,HRM 9.1.8.5,Common,323
F605,60,3807,"Deck Management (Accommodation & Stores)
Is the Ship's Hospital clean, tidy and ready for use?","<Check point>
Ship's hospital shall be ready for immediate use. It shall not be used as additional cabin or store room.",,HRM 9.5.1,Common,324
F605,60,3808,"Deck Management (Accommodation & Stores)
Are vacant cabins not used as storerooms?
Is hot water and cold water available in each cabin ?","<Check point>
Check vacant cabins.
Confirm condition of hot water and cold water.
(All cabin are required to supply them, but it is ok to check in vacant cabin)",MLC 3.1,HRM 9.3,Common,325
F605,60,3809,"Deck Management (Accommodation & Stores)
Are toilets in good order?
Are flush valves and water pressures in good order?","<Check point>
Check water pressures of Bridge toilet.
Check water pressures of toilets in crew accommodation space. Check cleanliness of toilets.",MLC 3.1,HRM 9.3,Common,326
F605,60,3810,"Deck Management (Accommodation & Stores)
Are accommodation, public spaces, including smoke rooms, mess rooms, sanitary areas clean, tidy and in a hygienic condition?","<Check point>
Check accommodation, public spaces, including smoke rooms, mess rooms, sanitary areas.
<Additional check point for all type of tankers>
Smoke rooms shall be equipped with Auto extinguishing type ash trays. Safety matches or fixed (car-type) electric lighters shall only be allowed.
Mechanical and portable lighters are prohibited.",,HRM 9.3,Common,327
F605,60,3811,"Deck Management (Accommodation & Stores)
Are food storerooms, food handling spaces, refrigerated spaces  clean, tidy and in a hygienic condition?","<Check point>
Check storerooms, provisions storerooms and refrigerated spaces. Check gratings.
Check any sign of cockroaches.
Check condition of entrance doors and temperature.
Food item shall be stored approximately 15cms from floor in food store rooms. (Reference: WHO ISSC Technical advice).","WHO ISSC
Technical advice",HRM 9.1.8,Common,328
F605,60,3812,"Deck Management (Accommodation & Stores)
Are galleys and pantries clean, tidy and in a hygienic condition?","<Check point> Check galley.
Check any sign of cockroaches and insects.. Check control condition of disposer.
Galley exhaust fire mesh shall be clean.
Electric deep fryers shall be fitted with thermostats.
<Annotation>
Notes: Unburned fuel or fatty deposits in galley ranges, within flue pipes and in the filter cowls of galley vents can cause fire and must be maintained in a clean condition.
Oil and deep fat fryers should be fitted with thermostats to cut off the electrical power and prevent overheating.",,HRM 9.1.8,Common,329
F605,60,3813,"Deck Management (Accommodation & Stores)
Are accommodation spaces free from visible structural defects?","<Check point>
During rounds, look for any significant distortion, defects in accommodation spaces. Check latest class listing for significant memo or COC (Condition of Class).",,HRM 9.3,Common,330
F605,60,3814,"Deck Management (Accommodation & Stores)
Are alleyways free of obstructions and exits clearly marked?
Photo luminicient Exit Arrow marks or Low level lighting system shall not be more than 30cms from the floor of alleyways.","<Check point>
Alleyways shall be free from any obstruction for smooth exit during emergencies.
Photo luminicient Exit Arrow marks or Low level lighting system shall not be more than 30cms from the floor of alleyways.",SOLAS II-2/13,SSQE 15.7,Common,331
F605,60,3815,"Deck Management (Accommodation & Stores)
Is provision refrigerating unit in good order and do they appear to be well maintained?","<Check point>
1) There is no vibration on or noise from refrigerating unit;
2) Refrigerant quantity is adequate;
3) Suction and delivery pressures are correct;
4) LO quantity is adequate;
5) LO pressure is correct;
6) Cooling seawater line is not leaking; and
7) Refrigerating unit is not used for storage of things other than provisions. 8) Wooden or other type of gratings are laid on each chamber.",,HRM 9.1.8,Common,332
F605,60,3816,"Deck Management (Accommodation & Stores)
Is air conditioning unit in good order and do they appear to be well maintained?","<Check point>
1) There is no vibration on or noise from air conditioning unit;
2) Refrigerant quantity is adequate;
3) Suction and delivery pressures are correct;
4) LO quantity is adequate;
5) LO pressure is correct;
6) Cooling seawater line is not leaking;
7) Air conditioning unit is not used for storage of things; and
8) Dampers of thermo-tank are in good order.",,HRM 9.3,Common,333
F605,60,4603,"Machinery Management (Electrical Equipment)
Is the condition of electrical equipment in the accommodation satisfactory?","<Check point>
Check electrical equipment
As a good practice, unused electrical equipment shall be unplugged.
<Additional check point for all type of tankers> Make shift antenna shall not be allowed.",,HRM 9.3,Common,334
F605,60,4604,"Machinery Management (Electrical Equipment)
Is the level of accommodation lighting satisfactory?","<Check point> Check lighting.
Check level of illumination.
Note level of illumination is in good order. Note there is no light bulb that has burned out.",,HRM 9.3,Common,335
F605,60,7110,"Emergency Preparedness (Contingency Plan)
Are Emergency Escape Route, Lifeboat Station, and Muster Station as specified in SOLAS marked?","<Check point>
Check markings and IMO symbols.",SOLAS III/11.5,SSQE 5.15,Common,336
F605,60,7111,"Emergency Preparedness (Contingency Plan)
Do all Officers and crew understand their own duties and assignments shown in Muster List?","<Check point>
Check by interviewing Officers and crew.
Officers: Own duties and crew's assignments Crew: Own assignments",SOLAS III/37,SEM 3.1,Common,337
F605,60,7329,"Emergency Preparedness (Life-Saving Apparatus)
Are life jackets in good condition, correctly located as per the plan and donning instructions clearly displayed?","<Check point>
Sampling check life jackets
Check to see if necessary number of lifejackets as specified in Life Saving Arrangement are provided. (If Immersion Suits has life jacket function, Life jacket may be stowed in Watch keeping spaces etc. only)
Lifejackets for duty Officers/crew available at Bridge, Fore part, Aft part, Engine Control Room.
Check if ship's name and Port of Registry permanently marked L/Jackets are not heavily soiled with oil or grease
Additionally, for ship's built on or after 01st July 2010
Oversized L/Jacket or accessories in adequate number shall be provided Infant L/Jacket, if children carried
Each lifejacket shall be provided with a releasable buoyant line or other means to secure it to a lifejacket worn by another person in the water.
Each lifejacket shall be provided with a suitable means to allow a rescuer to lift the wearer from the water into a survival craft or rescue boat.",SOLAS III/7.2.1 III/7.2.3 III/7.2.4,,Common,338
F605,60,7330,"Emergency Preparedness (Life-Saving Apparatus)
Are crew members familiar with the donning of emergency escape breathing devices (EEBD’s) located in the accommodation, pump room and engine room (as applicable), are being inspected, in good order and ready for immediate use?","<Check point>
Check to see if necessary number of EEBDs as specified in Life Saving Arrangement / Flag requirements are provided. Check pressure of cylinder.
Check condition and print of operation
<Annotation>
All ships shall carry at least two emergency escape breathing devices within accommodation spaces.","SOLAS
II-2/13.4.3.1
II-2/13.4.3.2
MSC/Circ. 849",SSQE 8.3,Common,339
F605,60,7331,"Emergency Preparedness (Life-Saving Apparatus)
Are immersion suits in good condition,correctly positioned and are Officers aware of maintenance and carriage requirements, and donning  instructions clearly displayed?","- Sampling check immersion suits
- Check to see if necessary number of immersion suits as specified in Life Saving Arrangement are provided.
- Check record of monthly inspection and air pressure test. Big size of immersion suits are available as spare.
<Annotation>
An immersion suit or an anti-exposure suit, of an appropriate size, shall be provided for every person assigned to crew the rescue boat. If the ship is constantly engaged in warm climates where, in the opinion of the Administration thermal protection is unnecessary, this protective clothing need not be carried (SOLAS III/7.3)
An immersion suit complying with the requirements of section 2.3 of the LSA Code shall be provided for every person on board the ship. These immersion suits need not be required if the ship is constantly engaged on voyages in warm climates where, in the opinion of the Administration, immersion suits are unnecessary. (SOLAS III/32.3.2)
If a ship has any watch or work stations which are located remotely from the place or places where immersion suits are normally stowed, additional immersion suits shall be provided at these locations for the number of persons normally on watch or working at those locations at any time. (SOLAS III/32.3.3)
Note: Immersion suits should be subject to periodic testing as set out in MSC Circ 1114.","SOLAS III/7.3 III/32.3.2 III/32.3.3
MSC Circ. 1114",SSQE 8.3,Common,340
F605,60,7420,"Emergency Preparedness (Fire Fighting Equipment)
Are isolating valves in fire and foam system lines clearly marked and in good order?","<Check point>
Check by interviewing if Officers know:
1) Location of isolation valve; and
2) When to close isolation valve.
Note isolation valve is marked to be distinguished from others. Check valves condition.
Isolation V/Vs shall be easily operable by hand.
Check Work Instructions for testing of Foam system and adequate instruction for valve handling.",SOLAS II-2/10,,Common,341
F605,60,7421,"Emergency Preparedness (Fire Fighting Equipment)
Are all Officers and crew familiar with how to use breathing apparatus?","<Check point>
Check by interviewing crew or having crew use apparatus.","STCW
Code A VI/1-2",SSQE 5.16.5,Common,342
F605,60,7422,"Emergency Preparedness (Fire Fighting Equipment)
Are firemen's outfits and breathing apparatus in good order, fitted with fully pressurized air cylinders and ready for immediate use?","<Check point>
Check fireman's outfits.
1) Fireman's outfits are ready for immediate use; and
2) Locker containing fireman's outfits is not locked.
Compressed air breathing apparatus shall be fitted with an audible alarm and a visual or other device which will alert the user before the volume of the air in the cylinder has been reduced to no less than 200 litres.” This applies to ship’s constructed (keel laid) on or after 1 July, 2014. Ships constructed (keel laid) before 1 July, 2014 must comply no later than 1 July, 2019.
It is strongly recommended that fireman's outfits be hung for immediate use. Check breathing apparatus.
1) Breathing apparatus are ready for immediate use; and
2) Locker containing breathing apparatus is not locked.
3) It is strongly recommended that breathing apparatus be hung for immediate use.
4) Check record of inspection.","SOLAS II-2/17
II-2/17.1.2 II-2/17.4
II-2/10.2.5 II-2/10.3.1 II-2/10.10
FSS Code 3.2.1.1
3.2.1.2
MSC/Circ. 850",SSQE 8.3.13,Common,343
F605,60,7423,"Emergency Preparedness (Fire Fighting Equipment)
Are the crew aware of the location and use of the International Shore Connection, is it readily available externally, is a fire control plan exhibited within the accommodation, also a copy available externally and equipment correctly marked on the plan?","<Check point>
International shore connection is readily available. Storage place is clearly marked.
Check if the box containing ISC has two spanners,  four 16 mm bolts and nuts, 50 mm in length, eight washers and gasket for immediate use.
Location of ISC shall be clearly marked. (it is good practice to keep ISC near gangway) The fitting and joining must be suitable for a working pressure of 10.5 bar.","SOLAS
II-2/10 2.1.7
FSS Code 2.2",,Common,344
F605,60,7424,"Emergency Preparedness (Fire Fighting Equipment)
Are portable fire extinguishers in accommodation area and stores in good order with operating instructions clearly marked and are crew members familiar with their operation?
At least one extinguisher of each type manufactured in the same year and kept on board a ship should be test discharged at five yearly intervals (as part of a fire drill).","<Check point>
Check fire extinguisher.
Monthly inspection record shall be available.
Portable fire extinguisher shall be near the entrance of service space.","SOLAS
II-2/10.3.2.2
II-2/10.3.3.1
II-2/10.3.3.2 II-2/6.2
FSS Code 4 IMO Res.
A.951",SSQE 8.3.13,Common,345
F605,60,7425,"Emergency Preparedness (Fire Fighting Equipment)
Are all fire doors in good order and closed?","<Check point>
Note all fire doors are closed. Check door closers.",,SSQE 8.3.13,Common,346
F605,60,7426,"Emergency Preparedness (Fire Fighting Equipment)
Are Officers aware of the location of the accommodation emergency stops for ventilation fans, clearly marked to indicate the spaces they serve and do records indicate that they have been regularly tested and maintained?","<Check point>
Verify that records of regular testing of emergency stop of accommodation fans is carried out. Check markings.",,SPM VOL II 11.10.10,Common,347
F605,60,7427,"Emergency Preparedness (Fire Fighting Equipment)
Are Officers aware of the location of the engine room emergency stops for ventilation fans clearly marked to indicate the spaces they serve and do records indicate that they have been regularly tested and maintained?","<Check point>
Verify that records of regular testing of emergency stop of E/Rm fans is carried out. Check markings.",,SPM VOL II 11.10.10,Common,348
F605,60,7428,"Emergency Preparedness (Fire Fighting Equipment)
Are engineers aware of the operation of the machinery space liquid fuel system remote closing valves, and are the closing devices regularly tested and in good order?","<Check point>
Note compressed air is supplied.
The position and identification of each of the closing devices on fuel system must be clearly marked and known to the engine staff. These remote operated devices must be regularly tested.
Check if crew are familiar with the operation.","SOLAS
II-2/4.2.2.3.4",SPM VOL II 11.10.10,Common,349
F605,60,7439,"Emergency Preparedness (Fire Fighting Equipment)
Are fire detector sensors free from obstructions?","<Check point>
Check fire detector sensors.
Any obstructions like cover are not acceptable.",,SSQE 5.17,Common,350
F605,60,7441,"Emergency Preparedness (Fire Fighting Equipment)
Does the vessel have two(2) two-way portable radios for each fire party?","<Check point>
Check the muster list. Check emergency card.
<Annotation>
For ships constructed on or after 1 July 2014, a minimum of two two-way portable radiophone apparatus for each fire party for fire-fighter's communication shall be carried on board. Those two-way portable radiotelephone apparatus shall be of an explosion-proof type or intrinsically safe. Ships constructed before 1 july 2014 shall comply with the requirements of this paragraph not later than the first survey after 1 July 2018.",SOLAS II-2/10.4,,Common,351
F605,60,7442,"Emergency Preparedness (Fire Fighting Equipment)
Is the operation and maintenance of the breathing apparatus air recharging system (where fitted) incorporated in the ship’s SMS and has the annual air quality check been carried out?","<Check point>
Annual testing should be carried out to ensure the air quality of breathing apparatus air recharging systems.","(MSC/Circ.8 50,
Guidelines for the Maintenanc e and Inspection of Fire- Protection Systems and Appliances,
1998)",SPM VOL II 11.11,Common,352
F605,60,8301,"Pollution Prevention (Bilge)
Are officers aware of the requirements of MARPOL with respect to the disposal of cargo holds bilge water, cargo washing waters, cargo slops and cargo residues?","<Check point>
Check by interviewing crew.
Verify about E/R bilge disposal through OWS.
<Additional check point for Petroleum and Chemical tankers>  Verify by questioning about disposal in special area through ODME.
<Annotation>
Note: Under MARPOL Annex II the only Special Area applicable to chemical tankers is the Antarctic south of 60º south.",,BGCM 3.9.11,Common,353
F605,60,8402,"Pollution Prevention (Garbage Management)
Is the vessel correctly segregating garbage and able to store garbage in a safe hygienic manner onboard and is the garbage being handled in accordance with the vessel’s garbage management plan and is garbage record book being correctly maintained?","<Check point>
Note garbage is separated.
Garbage shall be properly stored in metallic containers with lids.
<Annotation>
Note: The vessel should have adequate garbage storage facilities and these should allow for segregation of garbage and should be in a tidy and hygienic condition.",,SSQE 7.3.3,Common,354
F605,60,9511,"Safety Management (Safety Culture)
Are all waste baskets inside accommodation, of nonflammable material, with no openings in the sides or bottom?","<Check point>
Note all waste baskets are of nonflammable material.
Plastic waste baskets are unacceptable; Nonflammable plastic waste basket are acceptable. Wooden lids are acceptable.",SOLAS II-2/4.4.2,,Common,355
F605,60,9512,"Safety Management (Safety Culture)
Are laundries free of accumulations of clothing that could constitute a fire hazard?","<Check point>
Oil soaked working clothes shall not be kept in open in laundry rooms. Steam iron room shall be well ventilated to avoid ignition of hot ironed linen.
Laundry and Drier filters shall be free of any lint.",,HRM 9.3,Common,356
F605,60,9610,"Safety Management (Work Environment)
Are the crew aware of the requirements for wearing personal protective equipment such as boiler suits, safety footwear, eye and ear protection, safety harnesses, respiratory and chemical protective equipment etc.?","<Check point>
Check  PPE matrix for various operations is pasted in key areas and whether crew is adequately donning PPE.",,HRM 9.18,Common,357
F605,65,1214,"Crew Management (Training)
Are officers familiar with use and calibration of portable oxygen and hydrocarbon analyzers and is the equipment being maintained in accordance with manufacturers and industry recommendations?","<Check point>
Check for evidence of adequate training provided to all personnel who will be using the instrument for enclosed space/ confined spaces",,SPM VOL II 11.13,Common,358
F605,65,3101,"Deck Management (Deck Management)
Is a comprehensive and up to date inventory of spare parts maintained?
Is a ship-specific list of critical equipment defined and available on board and highlighted in the PMS? Are there measures in place to ensure that defined critical spare parts are available on board?","<Check point>
Check by interviewing Department Head.
Vessel should Maintain Ship Specific critical Spares list prepared by CE and approved by Vessel Superintendent.",,"SPM VOL II 12.3.4
SPM VOL II APP 4",Common,359
F605,65,3102,"Deck Management (Deck Management)
Are procedures in place to carry out regular inspections of fuel and ballast tanks, void spaces, trunks and cofferdams by the vessel’s personnel and are records maintained?
A. Fuel tanks to be inspected atleast one every dry dock;
B. Ballast tanks shall be internally inspected at least every 12 months to check sedimentation or deterioration of coating and wastage of anodes, if fitted;
C. Hold spaces, Void spaces, cofferdams shall be internally inspected atleast every 12 months for deterioration","<Check point>
Check SPM E 429 Tank Inspection Reporting Forrm is being utilized for carrying out inspection as per PMS schedule.",,SPM VOL II 15.1.3,Common,360
F605,65,3103,"Deck Management (Deck Management)
Are the Officers familiar with the planned maintenance system for cargo and deck machinery and is the system being followed and maintained up to date?","<Check point>
Check if officers are conversant with the features of PMS software. Check for overdue items.
 As a guideline, KSM set the target as follows for reference only. Confirm own SMS.
 - Maintain 0% overdue with critical machinery
Critical machinery overdue is acceptable if the vessel has company approval with Risk Assessment.
 - Maintain overdue items within 3% (except for critical machinery)",,SPM VOL II 14.0,Common,361
F605,65,3520,"Deck Management (Hull & Structure)
Is hold bilge properly managed by taking and recording soundings at least once every day?
(Including Cofferdam, Void space, Stool space, Chain locker, etc., if sounding pipe is provided)","<Check point>
Check sounding records.
Note hold bilge is properly managed. Soundings must actually be taken.",,BGCM 3.5.2,Common,362
F605,65,3600,"Deck Management (Deck Machinery-1)
Are certificates available for all mooring lines and wires?","<Check point>
A file showing which mooring rope/ wire/ shackle/ tail is deployed on which winch. Test certificate of these mooring ropes/ wires/ shackles and tails shall be maintained in this file.
<Annotation>
A file showing the locations of the winches should be maintained. Test certificates for mooring lines, Mandel/Tonsberg shackles and synthetic tails should be kept in a file clearly showing to which winch each particular component has been fitted.",,Rightship 9.2,Common,363
F605,65,3602,"Deck Management (Deck Machinery-1)
Are there records of the inspection and maintenance of mooring ropes, wires and equipment?","<Check point>
Check whether company has established procedure of mooring line maintenance. (Safety Bulletin Seq 2007 004)
1. Check certificates.
2. Record of Service in-date, periodic inspection of these mooring ropes, wires, shackles and tails shall be maintained for the condition",,Rightship 9.1,Common,364
F605,65,3625,"Deck Management (Deck Machinery-1)
Is there a procedure to ensure monitoring the damage, evaluation and protection of mooring ropes?
Are ropes rinsed with fresh water after each port operation to remove cargo and salt deposits, cover with hard / thick canvas to minimise sun / sea spray exposure, protect chafing portions of mooring ropes?","<Check point>
• Check regular inspection and protection of mooring lines in accordance with manufacturer’s recommendation and the (PMS)
• Check if adequate spare mooring lines are on board.
• Check during monitoring and adjusting mooring lines whilst a vessel is alongside in tidal ports (Ex: Port Headland) if Masters and watch keepers undertake dynamic risk assessment after considering each of the following factors, but not limited to:
1. Strengths and limitations of each rope (type, MBL, end to end turn date, any visible minor damages / abrasions, prior experience).
2. Strengths and limitations of each winch (brake rendering capacity, condition of brake lining, overall performance of winch and hydraulic system, prior experience).
3. Understanding of tidal effect on the vessel.
4. Understanding bow cushion / bank suction effect caused by passing vessels at close proximity.
5. Understanding the consequence of mooring line failure – vessel moving away from the berth and potentially grounding just outside berth pocket.
6. Understanding the impact if a wire or rope contacts 50% of the circumference of a fairlead or roller and lead through an excessive angle.
7. Other safety related considerations as per your company SMS.",,"BHP
Mooring lines inspection guidelines",Common,365
F605,65,8700,"Pollution Prevention (Ballast Water Management)
Is the vessel provided with an approved ballast water and sediments management plan and are records being maintained of all ballast water exchanges or treatment operations and are the Officers aware of BWM requirements","<Check point>
Confirm KSM Form 155 A KSM Form 155A - Ballast Water Reporting & KSM Form 155B - Ballast Water Handling Log is being used and correctly filled. Review the ballast water exchange records.
Check ballast exchange is carried out in accordance with method prescribed in the BWMS Cert/Plan. Training records to crew involved in Ballast water exchange shall be available.",IMO Res A.868(20),SSQE 7.5,Common,366
F605,65,8702,"Pollution Prevention (Ballast Water Management)
If the vessel is provided with an approved Ballast Water Treatment System, is the system in good order, used where required and are Officers familiar with the safe operation of the same?
Is it maintained in accordance with manufacturers and vessels planned maintenance requirements?","<Check point>
• Check by interviewing crew and BWM certificate.
• Check PMS record and spares to comply with makers manual.
• Check condition of Ballast Water Treatment System.
• Check training record.
Note: Where hazardous chemicals or treatment additives are provided, verify safe handling and access controls in place.",,,Common,367
F605,65,9111,"Safety Management (Document Control)
Are critical machinery in deck department specified by company include maintenance standard?","<Check point>
Check PMS and its record.",,SPM VOL II 12.6,Common,368
F605,65,9112,"Safety Management (Document Control)
<Only for ships trading in US waters>
<Only for vessels carrying DG>
Are latest CFRs available onboard?
Is a copy of  ""Hazardous Material Certificate of Registration"" issued by DOT（Department of Transportation) of the United States available onboard?","<Check point>
Check by interviewing.
Check if CFR are latest editions.
An electronical file(pdf) is good enough for the copy of ""Hazardous Material Certificate of Registration""",,,Common,369
F605,65,9113,"Safety Management (Document Control)
Are following document available?
- Casualty Report
- Safety Bulletin
- Marine Engineering Information","<Check point>
Check by interviewing.",,APEX 7.2.4,Common,370
F605,65,9513,"Safety Management (Safety Culture)
Are there clear instructions and procedures to ensure safe mooring operations?","<Check point> Check SMS Manual
Check Risk assessment",,SPM VOL I 13.0,Common,371
F605,65,9514,"Safety Management (Safety Culture)
Are regular inspection rounds made during cargo work?","<Check point>
Check by interviewing.
Check BGCM S 202 Taking over watch in Port is complied with
Check port log for entries
Check mooring, gangway ladder, car ramps, etc.",,BGCM 1.2,Common,372
F605,65,9704,"Safety Management (Safety Equipment)
Are portable gas and oxygen analyzer appropriate to the cargoes being carried and are they in good order and is there a record of regular testing and calibration?","<Check point>
All dry cargo vessels should have following equipment in good working order 1. HC, O2, CO, H2S measuring in Oxygen (% LEL)
2. Personal gas detector (HC, O2, CO, H2S)
At least two multi gas detectors to be available on board","SOLAS
II-2/4.5.7.1 Ch-XI - 1/7","BGCM 2.1.10
BGCM 2.2.1
BGCM 3.2.5",Common,373
F605,65,9705,"Safety Management (Safety Equipment)
Are calibration requirement of portable gas detector identified by the manufacturer complied?","<Check point>
Check calibration certificate or record of maintenance etc and confirm if the gas detectors are calibrated in accordance with manufacture's calibration requirement.
The auditors should also give consideration that no malfunction has occurred after such shore calibration or maintenance and if so, then it may be important for auditor to judge necessity of calibration (by shore or onboard span gas).","SOLAS XI-
1/7
MSC
Circ.1477 Res- A.1050(27).",SPM VOL II 11.3,Common,374
F605,65,9806,"Safety Management (Security)
Have preventive measures been taken against stealing of cargo, cargo work equipment, or stores?","- Check by interviewing.
- Check preventive measures.",,BGCM 1.2,Common,375
F605,65,3521,"Deck Management (Hull & Structure)
(General Cargo Vessels, Bulk Carriers, Reefers,  Etc.)
Have hose tests, chalk test and/or sonic test for hatch covers been periodically conducted (every 6 months), and has the water tightness of hatch covers been confirmed?","<Check point> Check the record.
Check by interviewing the chief officer, and confirm whether the hose test is periodically conducted.",,,Common,376
F605,65,3522,"Deck Management (Hull & Structure)
Are standards and plans for maintenance of cargo work equipment observed?
Maintenance of hatch cover open / shut device.
Grease up
Measurement size of parts: Replace if the size is less than manufacture's standard.
Maintenance of hatch cover opening/closing devices.
Wires must be renew periodically regardless of its appearance. Check impurities in the filter of the hatch cover hydraulic system..
(Example) Emergency open / shut devise of hatch cover Test every 6 months
Crew must be familiar with the above operation.","- Note maintenance work is done at intervals specified in standards and plans.
- Note records of maintenance of cargo work equipment are in good order:",,Rightship 8.44,Common,377
F605,65,5001,"Cargo & Ballast Management (Dry Cargo Common)
Is pre-cargo work meeting held onboard?","<Check point>
Check by interviewing.",,BGCM 3.3.1,Common,378
F605,65,5002,"Cargo & Ballast Management (Dry Cargo Common)
Is a completed IMSBC/BLU Code ship/shore safety checklist for loading and unloading dry bulk carriers available and are the requirements of the checklist complied with?","<Check point>
Check use of BGCM S 203 Ship Shore Safety Checklist and correctly recorded.
Check meeting for cargo work been held with shore side. Check particulars of cargo work been communicated
Check procedure of finish loading been confirmed with shore side.",,BGCM 3.3.2,Common,379
F605,65,5003,"Cargo & Ballast Management (Dry Cargo Common)
Is actual draft checked regularly and recorded ?","<Check point>
Check by interviewing. Check records.
Check to see if person in charge knows difference between actual draft and draft obtained from gauge. Actual check of ship's draft is recommended at the time of entering or leaving.",,BGCM 1.2,Common,380
F605,65,5004,"Cargo & Ballast Management (Dry Cargo Common)
Does Chief Officer monitor the progress of cargo work by receiving reports from cargo watch officers and crew periodically?
Is the progress of cargo work informed to Engine Department?","<Check point>
Check by interviewing.",,BULK P 100 CO Standing orders for Port watches,Common,381
F605,65,5005,"Cargo & Ballast Management (Dry Cargo Common)
Does Chief Officer make cargo work plan or does he understand cargo work plan made by stevedores?
Has a detailed cargo handling plan been prepared and are operations being carried out and logged in accordance with the agreed plan?
Electronic log accepted.
Does Chief Officer give related instructions to other Deck Officers?","<Check point>
Check by interviewing. Check cargo work plans in port log
Check BGCM S 224 Loading-Discharging Plan being followed.",,BGCM 3.7.3,Common,382
F605,65,5006,"Cargo & Ballast Management (Dry Cargo Common)
Is class approved computer for stowage calculation in good order? Is Chief Officer familiar with operation of computer for stowage calculation?
Are regular accuracy checks conducted once every 3 months?","<Check point>
Check computer for stowage calculation. Check by interviewing.
Interview with Chief Officer.
Last Accurecy Test done date?
<Annotation>
It is the responsibility of the ship's master to check the accuracy of the loading computer system at each annual survey by applying at least one approved test loading condition (other than light ship). If a surveyor is not present for the computer check, a copy of the test conditions results obtained by the computer check is to be retained on board as documentation of satisfactory testing for the surveyor's verification.
Regular on-board testing should also take place and records attesting to this should be maintained.",SOLAS XII / 11,BGCM 3.2.14,Common,383
F605,65,5007,"Cargo & Ballast Management (Dry Cargo Common)
Have Master and Chief Officer confirmed that vessel draft/ air draft meet terminal requirements?","<Check point>
Check BGCM S 200 Pre Arrival Questionnaire for Agents is being utilized to get the information
Note cargo work plan meets terminal requirements.",,,Common,384
F605,65,5008,"Cargo & Ballast Management (Dry Cargo Common) Is approved Cargo Securing Manual (CSM) available? Is Chief Officer familiar with CSM?
Is lashing plan made according to CSM?","<Check point>
1) Approved CSM is available;
2) Lashing plan is according to CSM; and
3) Chief Officer is familiar with CSM in terms of lashing method, gear, point, etc.",SOLAS VI / 5.6 VII / 5,,Common,385
F605,65,5009,"Cargo & Ballast Management (Dry Cargo Common)
Have vessel conditions including stability, stress, and draft for port of departure and arrival been calculated and confirmed by Master before voyage?
Are longitudinal stresses, bending moment, torsion moment where applicable, maintained within design limits throughout?","<Check point>
Note vessel conditions for port of departure and arrival have been approved by Master. Check with loading computer that the stress is below the limitation.
Check BGCM S 225 Load and Stress Distribution Plan is effectively used.",,BGCM 3.3.25,Common,386
F605,65,5010,"Cargo & Ballast Management (Dry Cargo Common)
Has Chief Officer provided procedures for ballasting operations in port?","<Check point>
Confirm not be overflowed if possible.
The filling procedure must not cause overflow of water.",,Rightship 8.15,Common,387
F605,65,5011,"Cargo & Ballast Management (Dry Cargo Common)
During ballasting/deballasting operations, are ballast pumps, and open/shut positions of valves/ventilators checked?","<Check point>
Check by interviewing.
Check ballasting/deballasting operations.",,,Common,388
F605,65,5012,"Cargo & Ballast Management (Dry Cargo Common)
Are ballast tanks actually sounded once every day?
If level gauge is fitted, is difference in value between gauge and actual sounding checked?","<Check point>
Check sounding records.
If level gauge is fitted, note Chief Officer checks difference in value between gauge and actual sounding. Soundings must actually be taken as far as practicable.
<Refence>
Approriate interval for comparison : at least once a month.",,BGCM 3.5.2,Common,389
F605,65,5015,"Cargo & Ballast Management (Dry Cargo Common)
(for applicable vessels only)
Is the DG Manifest controlled by ship's crew properly ?","<Check point>
Check an article and control condition in the DG Manifest.",SOLAS VII/4.5,,Common,390
F605,65,5016,"Cargo & Ballast Management (Dry Cargo Common)
Is Cargo/Ballast Control Console in good order?
Is valve control switch kept in open or shut position when valve is fully opened or shut?","<Check point>
Check Cargo/Ballast Control Console. Check valve control switches.
Valve position control switches, valve position indicators, tank level gauges, etc.",,,Common,391
F605,65,5017,"Cargo & Ballast Management (Dry Cargo Common)
Are the stresses, stability information and any limitations included in the cargo plan, understood by the cargo watch officers and are conditions being monitored and maintained within design limits throughout the cargo operation?","<Check point>
• The cargo operation and intended ballast/de-ballast procedure are synchronised.
• Draught surveys are conducted at appropriate steps of the loading/discharge plan to verify the ship's condition.
• The draught readings, usually taken at amidships and the fore and aft perpendiculars, should be in good agreement with values calculated in the loading/discharging plan.
• Ballast tanks are sounded to verify their contents and rate of ballasting/de-ballasting.
• The cargo load is in agreement with the figures provided by the terminal.
• The SWSF, SWBM and, where appropriate, hold cargo weight versus draught calculations are performed at intermediate stages of the cargo operation. These results should be logged.
• Any revised loading/unloading plan should be signed by a terminal representative and by the master or chief officer.
• The master and chief officer should be aware of the worst case damage condition for the existing cargo on board.",,BGCM 1.2,Common,392
F605,65,5306,"Cargo & Ballast Management (Bulk-Common)
During coal loading, are the following measured: (1) cargo temperature,
(2) oxygen content, (3) methane gas content, (4) carbon monoxide content, and (5) hydrogen ion content(pH) of hold bilge water?
And does the Chief Officer confirm the above measurement records and understand their correspondence?","Check the record (file).
Check by interviewing the Chief Officer, and confirm whether he checks the hold measurement records every time.
Check BGCM S 230 Coal Cargo Monitoring Record is being utilized",,BGCM 3.5.4,Common,393
F605,65,5307,"Cargo & Ballast Management (Bulk-Common)
Are cargo spaces checked after completion of cargo work?
- Ballast sea water pipe
- Hold cleaning sea water pipe
- TST DIRECT OVERBOARD DISCHARGE PIPE
- CONNECTION TRUNK to TST/DBT
- Vent pipes of ballast tanks
- Sounding pipes of ballast tanks","<Check point>
Check by interviewing.",,,Common,394
F605,65,5308,"Cargo & Ballast Management (Bulk-Common)
Are Cargo holds maintained ready to load condition all the time before entering loading ports?",- Check by interviewing,,BGCM 3.9,Common,395
F605,65,5309,"Cargo & Ballast Management (Bulk-Common)
Have details of cargo care during the voyage been adequately recorded in accordance with the principles of the IMSBC code?","<Check point> Check records.
<Annotation>
Records of ventilation on each day for each hold
• All temperatures taken (to include prior loading) and dew points calculated;
• Whether or not ventilation has been carried out;
• Reason for not ventilating;
• Weather and sea conditions;
• Ventilation rule applied (e.g. three- degree rule or dew point rule).
Records relating to monitoring of cargo or hold atmosphere for each day (e.g., for coal or silicomanganese)
• Result of measuring methane, oxygen, carbon monoxide and pH value, where applicable taken at each hold, with time reading taken;
• Any action necessary because of readings obtained and the results of action taken;
• Findings during inspections of cargo in each hold, with time inspections carried out;
• Any action necessary because of findings and the results of action taken.
Records of bilge soundings and pumping operations:
• Bilge sounding record;
• Time and dates of bilge pumping;
• Amount of water pumped out of each bilge well during each pumping;
• Sounding before and after each pumping.","IMSBC
Code",BGCM 3.5,Common,396
F605,65,5310,"Cargo & Ballast Management (Bulk-Common)
Does the chief officer understand that the value of the constant used by a draft survey already includes the weight of seawater inside the ballast pipeline?","- Check the Draft Survey Record and Loading Booklet.
- Check to be sure that the weight of the seawater inside the ballast pipeline was not double-counted.",,,Common,397
F605,65,5311,"Cargo & Ballast Management (Bulk-Common)
Does the chief officer understand that there should be both a draft survey hydrometer (Zeal type) and a load line hydrometer on board? And does the chief officer understand which rule is used for each hydrometer, the level-surface rule or the upper-edge rule?
Is the chief officer aware of which type of hydrometer being used by surveyor of loading/discharging port, and if necessary apply conversion to
the value？",- Check by interviewing.,,KSM Circular EXT/Permanent/2021/006,Common,398
F605,65,5312,"Cargo & Ballast Management (Bulk-Common)
Is there an understanding of the proper (identical) port and starboard clearance when the hatch covers are shut? Are the hatch covers adjusted (open and shut) to obtain proper clearance?","- Interview
- Check condition
（Compare with figure from the manual and actual figure）",,KSM Circular EXT/Permanent/2021/007,Common,399
F605,65,5313,"Cargo & Ballast Management (Bulk-Common)
Is cargo-hold cleaning conducted according to KSM Cargo Hold Cleaning standards?",Confirm by interviewing,,BGCM 3.9,Common,400
F605,65,5314,"Cargo & Ballast Management (Bulk-Common)
Is cargo declaration for the cargo onboard issued by shipper available onboard?
Are all officers familiar with the carriage requirements and emergency procedures for the cargoes on board?","Check if cargo declaration issued by shipper is available onboard, and as to whether or not the cargo is harmful to the marine environment (HME).
Officers on cargo duty are familiar with:
Shipboard operations and cargo handling. (STCW B- 1/14.3) The precautions required for reactive cargoes. (STCW B-1/14.3)","IMSBC
Code
(RESOLUTI ON MEPC.219 (63), GUIDELINE S FOR THE IMPLEMEN TATION OF MARPOL ANNEX V, 2012)",BGCM 3.3.4,Common,401
F605,65,5315,"Cargo & Ballast Management (Bulk-Common)
Is a dipping table (wedge table) kept on board and utilized to calculate the remaining ballast water?","- Check available table by interview.
- Check utilization by interview.",,,Common,402
F605,65,5316,"Cargo & Ballast Management (Bulk-Common)
Has the Master been provided with a signed certificate or declaration, indicating the moisture content, transportable moisture limit (TML), flow moisture limit (FML) and density?","<Check point>
Before loading is started copies of all appropriates certificates for the cargo shall be provided, for example moisture content, transportable moisture limit (TML) and density.
<Annotation>
(For loading coal cargo)
Coal shall be classified as Group A and B unless classified as Group B only by a test determined by appropriate authority or where it has the following particle size distribution:
1. not more than 10 % by weight of particles less than 1 mm (D10>1mm) ;and 2. not more than 50 % by weight of particles less than 10 mm (D50>10mm).
For Shippers Declaration, confirm the following:
(a) When loading coal is classified as “Group A and B” on cargo declaration Vessel shall check the following:
① Certificate of transportable moisture limit (TML certificate),
② Certificate of approval for the procedures for sampling, testing, and controlling the moisture content for solid bulk cargo that may liquefy (4.4.3 of the IMSBC Code)
③ Certificate of moisture content
(b) When loading coal is classified as “Group B”
Vessel shall check whether a declaration has a description of a testing as evidence of Group B cargo by appropriate authority OR particle sizing.","IMSBC
Code (Amendmen t 04-17)",BGCM 3.3.4,Common,403
F605,65,5317,"Cargo & Ballast Management (Bulk-Common)
Has a cargo loading/unloading plan providing a detailed sequence of cargo and ballast transfer been prepared, understood and signed by the deck officers?","<Check point>
Check BGCM S 224 Loading-Discharging Plan is being used
there is a clear indication of:
• The quantity of cargo and the corresponding hold number(s) to be loaded/unloaded.
• The amount of water ballast and the corresponding tank/hold number(s) to be discharged/loaded.
• The ship's draughts and trim at the completion of each step in the cargo operation.
• The calculated value of the still-water shear forces and bending moments at the completion of each step in the cargo operation.
• Estimated time for completion of each step in the cargo operation.
• Assumed rate(s) of loading and unloading equipment.
• Assumed ballasting rate(s)",,BGCM 3.7.4,Common,404
F605,65,5318,"Cargo & Ballast Management (Bulk-Common)
Is an adequate record of all cargo operation activities maintained during loading and unloading?","<Check point>
The followings should be recorded in the port log book or deck log book:
• Starting and stopping of work at each hold, times and dates.
• Tonnages loaded per pour into each hold and a running total loaded and in the case of unloading, tonnages offloaded per shift from each hold and a running total offloaded.
• Weather conditions at intervals, for example 6 hours.
• Use of ship’s cranes, if appropriate.
• Movement of shore cranes, loaders or floating crane alongside.
• Movement of barges alongside and of floating cranes or loaders if ship is at anchor.
• Opening and closing of hatches.
• Period of precipitation.
• Draft readings.
• Any delays caused on board.
• Any delays caused ashore.
• Any surveyors attending or boarding with reason for attendance.
• Any stevedore’s damage to ship’s structure and/or fittings.
• Cargo temperature in particular for grain, seed cake and coal.",,"BGCM 1.2.4
BGCM 3.3.8",Common,405
F605,65,9114,"Safety Management (Document Control)
<Applicable vessel only>
Are latest editions of IMDG Code books available?","<Check point>
Check by interviewing.
Check if IMDG Code are latest editions.",,SSQE 12.2.5,Common,406
F605,65,9115,"Safety Management (Document Control)
(General Cargo Vessels, Bulk Carriers, Reefers,  Etc.)
Has Company provided instructions about and procedures for cargo operations?",Check Deck officer Fimilarization with Bulk and General Cargo Oprations Manual,,APEX 4.1.3,Common,407
F605,70,1216,"Crew Management (Training)
Are officers familiar with operation of the steering gear in the emergency mode?
All ship’s officers concerned with the operation and/or the maintenance of steering gear shall be familiar with the operation of the steering systems and with the procedures for changing from one system to another. (SOLAS V/26.3.2)
Is changeover procedure, in case steering system breaks down, displayed?
Are changeover tools provided in vicinity? Is steering gear free from oil leak?","Note:
1) Changeover procedure is displayed;
Simple operating instructions with a block diagram showing the change-over procedures for remote control systems and steering gear power units shall be permanently displayed on the navigation bridge and in the steering gear compartment. (SOLAS V/26.3.1)
2) Changeover procedure is legibly printed in working language used aboard; and
3) Valves are named or identified by other means.
- Check changeover tools.",SOLAS V/26.3.1 V/26.3.2,"SSQE 8.3.5
SPM VOL II 7.5
HRM 4.8",Common,408
F605,70,3817,"Deck Management (Accommodation & Stores)
Are steering compartment free from visible structural defects and obvious leaks?
Is the overall standard of housekeeping and fabric maintenance satisfactory?","<Check point>
During rounds, look for any significant distortion, defects in steering compartment. Check latest class listing for significant memo or CoC.
Check for any telltale signs of oil leakages, debris, rags/ jutes, cleaning agents in small containers and operational garbage kept in open containers.
Verify if regular verification and RA review of this defect is in place till permanent repairs are carried out.",,"SPM VOL II 7.4
SSQE 15.7.2",Common,409
F605,70,4700,"Machinery Management (Steering Gear)
Are the arrangements for the provision of communications with the wheelhouse, heading and rudder indication in good order?","<Check point>
Gyro repeater or magnetic compass shall be provided in steering gear. The heading shall be checked for synchronization with bridge compass.
Check rudder angle indicator is readable from emergency steering position.",SOLAS V/12(f) V/19.2.1.9 V/19.2.5.2,"SPM VOL II 7.5
SSQE 8.3.5",Common,410
F605,70,4702,"Machinery Management (Steering Gear)
Is access to steering gear unobstructed?","<Check point>
Note access is not obstructed.",,SSQE 5.17,Common,411
F605,70,7429,"Emergency Preparedness (Fire Fighting Equipment)
Is the emergency fire pump being regularly tested, in good operational condition and are starting instructions clearly displayed?","<Check point> Check fire pumps.
Check proper operating instructions posted and that it can build up pressure in discharge side in reasonable time.
<Annotation>
•Fire pumps should operate satisfactorily and be able to maintain proper pressure.
•Pressure gauges should be in good order.
•The operating condition of the priming system and/or non-return valve should be in good order.
•The operating condition of the isolating valves and cocks should be in good order.
•The priming system must be class approved.","SOLAS
II-2/4.3.3.2.4
II-2/4.3.3.2.5 II-2/15.2.5
II-2/4.2.2.3.4
FSS Code 12.2.2.1.3
12.2.2.2.2",SPM VOL II 11.9,Common,412
F605,70,7430,"Emergency Preparedness (Fire Fighting Equipment)
Is emergency fire pump space free from bilge water?",<Check point> Check bilge water.,,SPM VOL II 11.9,Common,413
F605,70,7432,"Emergency Preparedness (Fire Fighting Equipment)
When testing emergency fire pumps, is good discharge pressure confirmed?","<Check point>
Check by interviewing.
Normal delivery pressure is 5 kg/cm2 or more.",,SPM VOL II 11.9,Common,414
F605,70,7433,"Emergency Preparedness (Fire Fighting Equipment)
For engine drive type, is quantity of oil of FO tank sufficient?","<Check point>
Check quantity of oil of FO tank
FO tank must be filled with 75% or more of oil of tank capacity.",,SPM VOL II 11.9,Common,415
F605,70,7434,"Emergency Preparedness (Fire Fighting Equipment)
For engine drive type, is exhaust pipe in good order?","<Check point>
Check traces of leak of gas. Check lagging for insulation.",,SPM VOL II 11.9,Common,416
F605,70,9611,"Safety Management (Work Environment)
Is all loose gear in the steering compartment properly secured?",<Check point> Check securing.,,SSQE 15.17.2,Common,417
F605,80,1404,"Crew Management (Health)
Are Material Safety Data Sheets (MSDS) on board for  all the cargo, bunker, chemicals, paints and other products being handled in engine room, and are all officers familiar with their use?
Is Protective equipment including a face shield, apron, gloves and an eye- wash provided at the place where chemicals are stored?","<Check point>
MSDS of cargo being carried, Bunker, paints, batteries, chemicals shall be easily available for ship's crew. Review if ship's crew is aware of safety data.
<Annotation>
MSDS data sheets should be on board for the following:-
- All grades of cargo being carried
- All grades of fuel used on board
- All chemicals used on board
- paints, protective coatings and all other corrosive or toxic materials that are carried on board?","SOLAS VI/5-1
IBC Code Appendix 8 Annex","SPM VOL II 9.8.4
SSQE 5.17",Common,418
F605,80,4100,"Machinery Management (Engine Room Management)
<Applicable vessel only>
Is the dead man alarm system, where fitted, in good order and used as required?","<Check point>
Check switches and lamps.
It is not mandatory to have Deadman's alarm for UMS ships. BUT if it is fitted, it shall be in good working order. Maximum duration of reset of Deadman's alarm shall not exceed 30minutes.","IMO
International Codes on Alarms and Indicators 7.1.1",SPM VOL II 3.16,Common,419
F605,80,4102,"Machinery Management (Engine Room Management)
Have proper measures been taken against trouble?","<Check point>
Check records of trouble or check by interviewing Department Head. Check alarms on alarm panel. No vital alarms on alarm panel
For UMS vessels, check records of alarm printer. Note:
1) Alarm indication on alarm panel is not set in ""repose;"" and
2) Proper measures have been taken in response to alarms indicated.",,"SPM VOL II 3.8
SPM VOL II 3.17",Common,420
F605,80,4103,"Machinery Management (Engine Room Management)
Are the engineers aware of the procedures for safe operation of the machinery plant including their duties and watch standing instructions as per the Company SMS and are these instructions clearly defined?","<Check point>
Check SMS Manuals, etc. Note following are specified:
1) Procedures for watch transfer; Check SPM E 403 E.R watch handing over checklist used and logged
2) Reports to Chief Engineer. Note procedures include:
1) Warm-up of engine
2) S/B operation of engine before vessel enters/leaves port
3) Standby of engine
4) Increasing/decreasing of speed
5) Trial of engine
6) Cool down of engine
<Annotation>
Note: Engineering procedures should include at least the following:
- Engine room organization and operation;
- Unmanned machinery space (UMS) operation, when applicable;
- Reporting equipment deficiencies;
- Engine room emergency preparedness and actions in the event of an emergency;
- Ensuring that all essential engine room equipment is available and fully operational;
- Planned maintenance;
- The control of spare parts.",,"SPM VOL II 2.0
SPM VOL II 3.0
SPM VOL II 4.0",Common,421
F605,80,4104,"Machinery Management (Engine Room Management)
Are engineers aware of the entries required in the engine room log book, and are the entries clear, comprehensive , adequately  maintained?","<Check point>
Entries are not made in pencil;
Electronical format is acceptable, if approved.
Engine room logbook shall be maintained as per SMS. Chief engineer shall sign the logbook on daily basis.
<Annotation>
The vessel's Safety Management System should indicate which fields are required to be completed in the engine logbook. Entries should include;
 - Vessels operating UMS, the times when UMS and manned status; - Bunkering operations and major internal oil transfers;
- Fuel and lube oil ROB's;
- Changeover fuel / entering ECA;
- Machinery operating parameters (RPM, load, temperature and pressures)
- Chief engineers signature on a daily basis;.
Errors made in the log should be struck through with a single line and initialled and dated. Random sampling of logs should be made to ascertain running hours within maintenance periods, shared hours on generators and alarms identified and not by-passed.",,SPM VOL II 8.2,Common,422
F605,80,4105,"Machinery Management (Engine Room Management)
Is a ship-specific list of critical equipment defined and available on board and highlighted in the PMS? Are there measures in place to ensure that defined critical spare parts are available on board?","<Check point>
Check by interviewing Department Head.",,SPM VOL II 12.3,Common,423
F605,80,4106,"Machinery Management (Engine Room Management)
If the machinery space is certified for unmanned operation is it being safely operated in that mode without regular alarms occurring under normal conditions?","<Check point>
On UMS ship, if E/Rm is manned for any reason, note the reason. The reason could be unreliability of machineries or lack of experience of engineers.
<Annotation>
If the machinery space is certified for unmanned operation but is not being operated in that mode because of unreliability of the UMS plant, record Finding and describe the reason why. Do not record  Finding if a UMS certified vessel is being operated in manned mode for operational purposes and where the manning level permits.",,"SPM VOL II 3.13
SPM VOL II 3.4",Common,424
F605,80,4107,"Machinery Management (Engine Room Management)
For UMS vessels, is UMS checklist provided?
Are UMS checks made according to the checklist?","<Check point> Check checklist.
Check SPM E 402 UMS Watch Checklist is being utilized properly and entry made in logbook",,SPM VOL II 1.1.1,Common,425
F605,80,4108,"Machinery Management (Engine Room Management)
Are generators and other equipment operated properly during S/B engine? Is check list used properly during arrival/departure, if check list is provided?","<Check point>
To be operated with parallel operation of generators during S/B engine. To be check using of the checklist SPM E 406 Engine room  Pre Arrival Port & SPM E 413 Engine room  Pre Departure  Checklist
To be check tags of operating condition of equipment.",,SPM VOL II 3.9,Common,426
F605,80,4109,"Machinery Management (Engine Room Management)
Is function test of safety devices conducted periodically and is the actual value recorded and evaluated?
Is the bilge high level alarm system regularly tested and are records maintained?","<Check point>
Check SPM E 423  Emergency equip alarm test records is being regularly filled
Check entry being made in logbook. Check bilge high level alarm, if possible.
<Annotation>
Note: Auditors should consider requesting that this critical alarm be tested in their presence.",,SPM VOL II 11.12.2,Common,427
F605,80,4110,"Machinery Management (Engine Room Management)
Are the Officers familiar with the planned maintenance system and is the system being followed and maintained up to date?","<Check point>
If computerized PMS then check if class approved. Check if officers are conversant with the features of PMS software. Check for overdue items.
If paper based PMS then check how historic data and planning for critical machineries are maintained. Check company criteria for overdue items in PMS
As a guideline, we set the target as follows (KSM SMS Manual).
- Maintain 0% overdue with critical machinery
Critical machinery overdue is acceptable if the vessel has company approval with Risk Assessment.
- Maintain overdue items within 3%  for non critical items.",,SPM VOL II 14.0,Common,428
F605,80,4111,"Machinery Management (Engine Room Management)
Is Main engine performance regularly been taken and sent to office for review","<Check point>
Check SPM E 412 Main Engine Performance Report",,SPM VOL II 4.1.15,Common,429
F605,80,4112,"Machinery Management (Engine Room Management)
Can the engine room staff demonstrate full knowledge of essential emergency equipment and are instructions clearly posted on site for safe operation?","<Check point>
Check by interviewing.
Check recovery procedure of plant after black out.
<Annotation>
Note: A written procedure should be readily available within the engine room which should be specific to the particular ship in order to identify relevant controls. The procedure should include the following guidance, where applicable, on how to:
- Regain power from the emergency to the main switchboard;
- Charge the air receivers for the main diesel generators in order to provide electrical power to all auxiliaries (fuel and lubricating oil pumps and the boiler supply);
- Restart all auxiliaries;
- Restart the main engine and boiler.",,SPM VOL II 1.2,Common,430
F605,80,4113,"Machinery Management (Engine Room Management)
Are stand-by generators and aux. machineries in ""AUTO/Stand-by"" condition and ready for immediate use?","<Check point>
Check AUTO/Stand-by status.",,SPm VOL II 10.14,Common,431
F605,80,4200,"Machinery Management (Main Propulsion & Shaft System)
Are following records of M/E kept on board and reported to Company?
- Maintenance/defect record
- Measurement record
- Operation hours record for each accessories
- Repair history
Do engineers understand the criteria of wear down and operation hours limit of each accessories?","<Check point>
Check records and interview.
Following records should be reported to Company:
- Maintenance/defect record in PMS
- Measurement record (Crank web deflection, Wear of piston crown, Wear of piston ring groove, Wear of exhaust valve spindle, etc.)
- Operation hours record for each accessories
- Repair history
Operation hours of the atomizer of M/E FO value must be kept within limits.",,SPM VOL II 4.2,Common,432
F605,80,4201,"Machinery Management (Main Propulsion & Shaft System)
Is main engine in good working order?","<Check point>
1) Torque-rich operation
2) Standard exhaust gas temperatures Low speed engines: 330 to 380℃
3) Scav. air press. / temp.
4) Cylinder oil feed rate",,SPM VOL II 4.0,Common,433
F605,80,4300,"Machinery Management (Generator)
Is maintenance of diesel generator performed according to standards and plans?","<Check point>
Check by interviewing.
Compare values listed in standards and plans with those entered in records. Compare time recorded with that entered in self checklist.",,SPM VOL II 5.0,Common,434
F605,80,4301,"Machinery Management (Generator)
Maintenance of D/G was conducted and following records of D/G kept on board and reported to Company?
- Maintenance/defect record
- Measurement record
- Operation hours record for each accessories
- Repair history","<Check point> Check records.
Check performnce of Engine is regularly carried out and sent to office for review
All procedures for mintenance is followed as per SPM VOL II 5.4",,SPM VOL II 5.4,Common,435
F605,80,4400,"Machinery Management (Main/Aux. Boiler & EGE)
Is boiler water for aux. boiler treated according to procedures?
Is test of boiler water conducted at intervals established by Company? Is upper and lower limit of test of boiler water understood by engineers? Are the reagents for boiler water analysis not expired?","<Check point> Check procedure. Check records.
Note quality of water is maintained.
Is the report from Drew/Unitor being received by the vessel and reviewed by office.",,SPM VOL II 6.3,Common,436
F605,80,4401,"Machinery Management (Main/Aux. Boiler & EGE)
Has exhaust gas economizer been washed with water and blown with air according to plans for maintenance prepared by Company?","<Check point>
Check by interviewing Department Head. Check draft loss of EGE.",,SPM VOL II 6.9,Common,437
F605,80,4500,"Machinery Management (Auxiliary Machinery)
Is maintenance of auxiliary  machinery  conducted in accordance with PMS?",<Check point> Check records.,,SPM Vol II 7.0,Common,438
F605,80,4501,"Machinery Management (Auxiliary Machinery)
Are records maintained for the regular inspection and testing of lifting devices and loose gears?","<Check point>
Check SPM E 448 Loose Gear Inspection Record",,,Common,439
F605,80,4605,"Machinery Management (Electrical Equipment)
Is maintenance of electric equipment conducted in accordance with PMS?","<Check point>
Check records of measurement of insulation resistance, replacement of motor bearings, application of grease, etc.
Check SPM E 418 Electrical Report",,SPM VOL II 10.8,Common,440
F605,80,4606,"Machinery Management (Electrical Equipment)
Are Switchboards and its distributions free of significant earth faults?","<Check point>
Check earth lamp or read insulation resistance indicator.
It is good if resistance is not less than 1MΩ.
<Annotation>
Note: Class rules require a minimum insulation resistance of 1 megohm (1 million ohms). Good practice suggests that a much higher standard, as near to infinity as possible, but not less than 5 megohms, should be aimed for.",,SPM VOL II 10.8.2,Common,441
F605,80,4607,"Machinery Management (Electrical Equipment)
Confirm space behind main switchboard not used as storage?","<Check point>
Note there are no inflammables left behind main switchboard.",,SSQE 5.17.2,Common,442
F605,80,4611,"Machinery Management (Electrical Equipment)
Is deck insulation provided to the front and rear of medium power (i.e. 220V and above) electrical switchboards and is it in good order?","<Check point>
Check insulation mat.
Mat is not necessary if floor material is of insulating type.
These insulation mats shall be free from any cracks or damages.","SOLAS II-1/45. 2
CFR Title46 111.30-11",,Common,443
F605,80,4514,"Machinery Management (Auxiliary Machinery)
Is maintenance of incinerator conducted in accordance with PMS?","<Check point>
Check mainenance record. Check furnace condition.",,Rightship 12.43,Common,444
F605,80,4800,"Machinery Management (F.O. / L.O. Treatment)
Is vessel subscribed to a fuel, lube and hydraulic oil testing programme on a frequency in accordance with the manufacturers recommendations and are there procedures to act on these results?","<Check point>
Check the frequency of shore analysis of fuel oil, Thermal oils etc. as per SMS. Verify the latest lube oil sample analysis is within its periodicity and free from deficiencies.
Check SPM E 420 Lub Oil Sample landing report is being maintained.",,SPM VOL II 10.5,Common,445
F605,80,4801,"Machinery Management (F.O. / L.O. Treatment)
Are the engineers aware of the requirements for vessels operating within an ECA and are there clear procedures available regarding use of low sulphur fuels in boilers, main plant and auxiliary engines?","<Check point>
Check Ship Specific Compnay approved Fuel Change over Plan avaliable onboard
Verify that procedure and R.A. (if available) for safe change over from HFO/VLSFO to ECA compliant fuel is in place.",,SPM VOL II 17.3,Common,446
F605,80,4802,"Machinery Management (F.O. / L.O. Treatment)
Is fuel viscosity (temperature) at main engine inlet kept properly?","<Check point>
Check set value of viscometer - inlet: (as per corresponding fuel)
Note viscosity at main engine inlet is kept at proper level according to manufacturer's guidelines.",,SPM VOL II 4.7,Common,447
F605,80,4803,"Machinery Management (F.O. / L.O. Treatment)
Have samples of FO been kept aboard for period specified by Company?","<Check point>
Check by interviewing Department Head.
MARPOL sample shall be kept not less than 12 months.
Check ANNEX 6 Record Book",MARPOL VI / 18.8.1,SPM VOL II 9.18,Common,448
F605,80,4804,"Machinery Management (F.O. / L.O. Treatment)
Is treatment of M/E & S/T L.O. properly conducted?
Is shore analysis of M/E & S/T L.O. conducted periodically?
Has the vessel received results of shore analysis with company comment and followed the instruction?
Is upper and lower limit of test of L.O. understood by engineers? Are the reagents for LO analysis not expired?","<Check point>
Check instructions in writing
Check intervals and result with company comment of shore analysis. If result of shore analysis is including company instruction, note LO has been treated according to instructions given by Company.
Check SPM E 411 Lub Oil ROB report",,SPM VOL II 10.15,Common,449
F605,80,4805,"Machinery Management (F.O. / L.O. Treatment)
Is treatment of D/G L.O. properly conducted?
Is shore analysis of D/G L.O. conducted periodically?
Has the vessel received results of shore analysis with company comment and followed the instruction?
Is upper and lower limit of test of L.O. understood by engineers?

Does C/E understand D/G L.O. purifying system (Overflow System)?","<Check point>
Check instructions in writing
Check intervals and result with company comment of shore analysis. If result of shore analysis is including company instruction, note LO has been treated according to instructions given by Company.",,SPM VOL II 10.15,Common,450
F605,80,4806,"Machinery Management (F.O. / L.O. Treatment)
Is there consumption record of system oil for the M/E, S/T and D/G appropriate?","<Check point>
Check SPM E 411 Lub Oil ROB report",,,Common,451
F605,80,7207,"Emergency Preparedness (Drills)
Are engineers familiar with the procedure for taking over the controls for maneuvering the vessel from the bridge in an emergency?","<Check point>
Verify during interview with an engineer. Check record of training
Note emergency operation training for main engine.
Check SPM E 423  Emergency equip alarm test records
<Annotation>
Note: Procedures should be available for this method of operation. Emergency control can be from the engine side for direct drive engines or at a local positon. In all cases instructions should be posted and communication systems should be in place.",,SPM VOL II 3.2.18,Common,452
F605,80,7435,"Emergency Preparedness (Fire Fighting Equipment)
Are CO2 portable fire extinguisher placed near Main Switchboards in good order with operating instructions clearly marked  and are crew members familiar with their operation?","<Check point>
Check fire extinguisher.
Monthly inspection record shall be available.
Portable fire extinguisher shall be near the entrance of service space.","SOLAS
II-2/10.3.2.2
II-2/10.3.3.1
II-2/10.3.3.2 II-2/6.2
FSS Code 4 IMO Res.
A.951",SPM VOL II 11.7,Common,453
F605,80,8110,"Pollution Prevention (Oil Pollution Prevention)
Are the Engine Room (Part I)  Oil Record Books (ORBs) correctly completed, free of any pollution incidents, violations and are slop/waste oil disposal certificates provided?","<Check point>
Check entries in Oil Record Book.
Entries shall be complied with MEPC.1/Circ736/Rev.2.
1) Amount of bilge discharged has not exceeded capacity of bilge separator;
2) Amount of sludge incinerated has not exceeded capacity of incinerator;
3)Amount of sludge discharged to reception facility or shifted to barge has not exceeded capacity of pump. Check certificate/receipt.
<Annotation>
The Flag Administration may permit the use of an electronic oil record book as an alternative substitute of the traditional paper ORB. However Flag approval should be available on board","MEPC.1/Cir c.
640
736/Rev.2","SSQE 7.2.3
KSM Circular - EXT/Permanent/2021/004",Common,454
F605,80,8111,"Pollution Prevention (Oil Pollution Prevention)
Do the sludge and bilge tanks designated in Form A or Form B of the IOPP Certificate and those listed in the Oil Record Book Part I, tally?","<Check point>
Check entries in Oil Record Book and IOPP certificate.
The name of tanks as mentioned in ORB 1 or 2 shall exactly meet what is printed in IOPP Form ""A"" or ""B"".","MEPC.1/Cir c.
640
736/Rev.2","SSQE 7.2.3
KSM Circular - EXT/Permanent/2021/004",Common,455
F605,80,8112,"Pollution Prevention (Oil Pollution Prevention)
Have disposals of sludge and other machinery waste been conducted in accordance with MARPOL requirements?","<Check point>
Check entries in Oil Record Book.",,"SSQE 7.2.3
KSM Circular - EXT/Permanent/2021/004",Common,456
F605,80,8200,"Pollution Prevention (Bunkering)
Are the vessel's staff engaged in bunkering operations well aware of safe transfer requirements and are detailed bunker transfer instructions available?","<Check point>
Sample check that detailed bunker transfer procedures are in place and complied with. Personnel involved in bunkering operation shall not be given any other task.
Bunker tank hatch lids kept closed during bunkering.
<Annotation>
Notes: Determining loading rates for the start of loading, bulk loading and topping off;",,SPM VOL II 9.0,Common,457
F605,80,8201,"Pollution Prevention (Bunkering)
Are the following items confirmed normal and recorded at the time of bunkering?
1) Bunkering pipeline including other side manifold.
2) FO tank level (including Non-filling tanks) by actual sounding. 3) Topped off tank level until completion.","<Check point> Check bunker plan.
Check SPM E 436 Oil Bunker Transfer Checklist
In the middle stage of bunkering, sounding for non-filling tanks can be done by remote gauges if fitted. If level gauges fitted, are readings compared with manual sounding.",,SPM VOL II 9.0,Common,458
F605,80,8202,"Pollution Prevention (Bunkering)
Is the FO tank level gauge in good order?
Is alarm of the FO tank level gauge, if fitted, tested periodically?",<Check point> Check record,,,Common,459
F605,80,8502,"Pollution Prevention (Air Pollution Prevention)
Is the ""Record Book of engine parameters for Onboard Verification of NOx Emission Control"" kept recorded properly?","<Check point> Check record
The person in charge of each machineries understand the recording when replaced with spare which is specified parts in engine parameters record book.
It is not required the recording when cleaning the parts for overhaul and set back to same position.
The rule apply to the vessel which was built after 1st Jan 2000. and also apply to the vessel which was built before the date, when equipment was replaced with new one,  Engine Parameter record book will be revised and issued.",MARPOL VI,SPM VOL II 8.5,Common,460
F605,80,8503,"Pollution Prevention (Air Pollution Prevention)
Is the ""ODS (Ozone-depleting substances) Record Book"" kept recorded properly?",<Check point> Check record.,MARPOL VI/12,SSQE 7.8,Common,461
F605,80,9116,"Safety Management (Document Control)
Are the engineers demonstrating knowledge and understanding of the Chief Engineer's standing orders and instructions and are the standing orders posted and signed by all engineers?","<Check point> Check Order Book.
1) Order Book has been  confirmed by other Engineers; and
2) Order Book regularly discusses operation of machinery, plant, etc.
<Annotation>
Notes: Standing order and night order books should be checked to ascertain that all officers are instructed as to their responsibilities. Standing orders should be written by the chief engineer to reflect the specific company’s requirements, as well as his own, particular to the vessel, the trade and the experience of the engineering officers aboard at the time. It should be updated and signed by each chief engineer as they join the vessel.
Night orders should be written as and when they are required to supplement the standing orders.",,SPM VOL II 3.2,Common,462
F605,80,9117,"Safety Management (Document Control)
Are important documents for engine department (Manuals, piping diagrams, drawings, files of information, L.O. chart etc.) properly kept?","<Check point>
Check documents/lack in documents.",,SPM VOL II 3.2.17,Common,463
F605,80,9515,"Safety Management (Safety Culture)
Are there documented procedures that address engine room entry requirements when operating in the UMS mode, and are the personnel on- board aware of these requirements?","<Check point>
Man entry procedure during UMS operation shall be clearly detailed. All personnel shall be aware of these procedures.
<Annotation>
Notes: Procedures should be in place to ensure that no-one enters the engine compartment alone, for example to carry out final evening checks during unattended periods, without first informing the bridge. Contact should be maintained at predetermined periods.
On vessels where a single engineer maintains a watch, there should be procedures as detailed above to regularly and frequently maintain contact with the bridge or cargo control room, unless a dead man alarm system is fitted.",,SPM VOL II 3.16,Common,464
F605,80,9612,"Safety Management (Work Environment)
Is an engineer’s call alarm fitted and is it in good order and tested regularly and the results recorded?","<Check point>
Check by interviewing.
Note following are in good working order:
1) Extension alarm; and
2) Engineer's call.
If acceptable to Master, pls try out this alarm",,,Common,465
F605,90,4114,"Machinery Management (Engine Room Management)
Are pipeworks of fuel oil (F.O. / D.O. / G.O.) in good order and do they appear to be well maintained?
Is insulation lagging on FO / DO line in good order and free from stain? Confirm there is no temporary repair?","<Check point> Check leak.
Note FO / DO line is in good order. Note lagging is free from stain.
Check temporary repair made.",,SPM VOL II 15.0,Common,466
F605,90,4115,"Machinery Management (Engine Room Management)
Are diesel engine high and low pressure fuel delivery pipes adequately jacketed or screened,  exhaust lines and hot surfaces protected from spray and surrounding areas free from fuel or lube oil leakage?","<Check point>
Note FO / DO line is in good order.
All high pressure delivery pipes of fuel delivery to engines shall be double jacketed. These pipes shall be in leak free condition.
<Annotation>
External high pressure fuel delivery lines between the high pressure fuel pumps and fuel injectors shall be protected with a jacketed piping system capable of containing fuel from a high pressure line failure. A jacketed pipe incorporates an outer pipe into which the high pressure fuel pipe is placed, forming a permanent assembly. The jacketed piping system shall include a means for collection of leakages and arrangements shall be provided for an alarm to be given of a fuel line failure. (SOLAS II-2/4.2.2.5.2)","SOLAS
II-2/4.2.2.5.2",KSM Circular EXT/Permanent/2019/008- Splash Guarding,Common,467
F605,90,4116,"Machinery Management (Engine Room Management)
Are pipeworks of lubricating oil in good order and do they appear to be well maintained?
Is insulation lagging on LO line in good order and free from oil stain?
Confirm there is no temporary repair?","<Check point> Check leak.
Note LO line is in good order. Note lagging is free from stain. Check temporary repair made.",,SPM VOL II 15,Common,468
F605,90,4117,"Machinery Management (Engine Room Management)
Are seawater pumps, sea chests and associated pipework in good order and free of hard rust and temporary repairs, particularly outboard of the ship-side valves?","<Check point> Check leak of water.
Note pipelines are in good order. Check temporary repair made.
<Annotation>
Note: The condition of sea chests, sea water lines, storm valves and hull penetrations should be carefully checked to ensure that they are in good condition. Evidence of hard rust or deterioration should be recorded as an Observation.",,SPM VOL II 15,Common,469
F605,90,4118,"Machinery Management (Engine Room Management)
Is it possible to discriminate between sacrificial pipe and normal pipe, and are there spare sacrificial pipes available for immediate use nearby?
Especially, Confirm there is no temporary repair made on sacrificial pipe on sea water inlet of M/E LO cooler, central cooler and FWG in engine room?","<Check point> Check leak of water.
Note pipelines are in good order. Check condition of sacrifice pipes.",,,Common,470
F605,90,4119,"Machinery Management (Engine Room Management)
Are pipeworks of exhaust gas in good order and do they appear to be well maintained?
Is insulation lagging on exhaust pipes of main engine, boiler, generator, and incinerator in good order and free from stain?
Confirm there is no temporary repair?","<Check point> Check leak.
1) Main body of exhaust gas economizer;
2) Auxiliary boiler; and
3) Exhaust pipes for main engine and generator. Note exhaust gas line is in good order.
Note lagging is free from stain. Check temporary repair made.",,,Common,471
F605,90,4120,"Machinery Management (Engine Room Management)
Are pipeworks of steam and steam drain in good order and do they appear to be well maintained?
Is insulation lagging on steam line in good order and free from stain? Confirm there is no temporary repair?","<Check point> Check leak.
Note steam line is in good order. Note lagging is free from stain. Check temporary repair made.",,,Common,472
F605,90,4121,"Machinery Management (Engine Room Management)
Are pipeworks of starting air, general service air and control air in good order and do they appear to be well maintained?
Confirm there is no temporary repair?","<Check point> Check leak.
Note air line is in good order. Check temporary repair made.",,,Common,473
F605,90,4122,"Machinery Management (Engine Room Management)
Are machinery spaces clean and free from obvious leaks and is the overall standard of housekeeping and fabric maintenance satisfactory?","<Check point>
Check for any telltale signs of oil leakages, debris, rags/ jutes, cleaning agents in small containers and operational garbage kept in open containers.
Check cleanliness of following:
- Tank top, each floor, D/G foundation, area beneath M/E  flywheel and FO/LO purifiers, FO sett./serv. tank coamings, waste oil tank coamings, FO transfer pump,  Boiler coaming etc.
<Annotation>
Note: Workshops, compressor rooms, chemical stores, spare gear stores, electrician’s store/workshop, IG rooms, and boiler rooms should be checked. Safety notices and signs appropriate to the specific compartments should be posted.",,SSQE 15.7.2,Common,474
F605,90,4123,"Machinery Management (Engine Room Management)
Are bilges free of oil, rubbish and sediment?","<Check point>
It is advisable to have light colored paint for the bilges. Check if bilges are clean and dry.
<Annotation>
Note: Oily areas indicate a lack of adequate maintenance and cleanliness. However, a small amount of oil in save alls should not be considered unsatisfactory.",,SPM VOL II 7.6,Common,475
F605,90,4124,"Machinery Management (Engine Room Management)
Are workshop, engine store and spare parts room kept clean and in good order?","<Check point>
Check workshop, engine store and spare parts room. Check storage condition of maintenance tools.",,SSQE 15.7.2,Common,476
F605,90,4125,"Machinery Management (Engine Room Management)
Are gauge glass closing devices on oil tanks of a self-closing, fail-safe type and not inhibited?","<Check point>
Note valves are kept closed.",,SPM VOL II 3.2.17,Common,477
F605,90,4126,"Machinery Management (Engine Room Management)
Are self-closing sounding devices to double bottom tanks in good order and closed?","<Check point>
Note sounding pipes are capped.
Check manholes for double bottom tanks kept closed.",,SPM VOL II 3.2.17,Common,478
F605,90,4127,"Machinery Management (Engine Room Management)
Confirm there is no abnormal vibration on or sound from part in engine room while main engine is under normal service load?","<Check point>
Check abnormal vibration and sound with main engine under normal service load.",,,Common,479
F605,90,4128,"Machinery Management (Engine Room Management)
Are instrument (pressure gauges, thermometer, flowmeter, etc.) in good order and do they appear to be well maintained?","<Check point>
Check no breakdown of instrument. Check vibration, noise, and leak.",,,Common,480
F605,90,4129,"Machinery Management (Engine Room Management)
Are control valves (pressure, temperature, flow, etc.) with controller and positioner in good order and do they appear to be well maintained?","<Check point>
Check open/close position and indication. Check control air pressure is suitable.
Check followings by interview.
- Present opening position is matching at present plant condition.
- Smooth movement of valves.
- Frequency of drainage of control air.
- Maintenance interval of positioner.",,,Common,481
F605,90,4130,"Machinery Management (Engine Room Management)
Are pipeworks of sewage / accommodation drain in good order and do they appear to be well maintained?
Confirm there is no temporary repair?","<Check point> Check leak.
Note sewage line is in good order. Check no temporary repair made.",,SPM VOL II 10.3.2,Common,482
F605,90,4131,"Machinery Management (Engine Room Management)
Are pipeworks of bilge / sludge in good order and do they appear to be well maintained?","<Check point> Check leak.
Check no temporary repair made.
Check if there is non-approved piping (by class) fitted on bilge line.",,SPM VOL II 10.3,Common,483
F605,90,4202,"Machinery Management (Main Propulsion & Shaft System)
Are main engine upper part in good order and do they appear to be well maintained?","<Check point> Check if;
- Valves in cylinder cover - exhaust, indicator, starting, FO, and safety valves
- FO high-pressure line - no damage to or kink at end of double pipes/no leak of oil
- Cylinder oil stud - no leak of oil
- Each valve and exhaust gas line - no leak of gas
- Cylinder jacket - no leak of water
1) There is no leak of FO, LO, CFW, air, or gas; and
2) There is no use of bunch of rags.",,,Common,484
F605,90,4203,"Machinery Management (Main Propulsion & Shaft System)
Are main engine middle part in good order and do they appear to be well maintained?","<Check point> Check if;
- Cylinder oil lubricator
- Linkage and governor
- FO high-pressure line - no leak of oil
- No leak of water
- Steam line - no leak of steam
- Fuel oil pump
- Rolling stay
- Oil mist detector
- Pressure Gauges and Indicator lamps of Machine side operation stand
1) There is no leak of FO, LO, CFW, air, or gas;
2) There is no damage to or kink at end of double pipes for FO high pressure line; and
3)  There is no cylinder showing abnormal concentration of gas.",,,Common,485
F605,90,4204,"Machinery Management (Main Propulsion & Shaft System)
Are main engine lower part in good order and do they appear to be well maintained?
Are there matching marks for M/E fundation bolts and nuts?","<Check point>
Check there is no leak of LO, or gas around
- crank case
- engine frame
- bilge level underneath flywheel",,,Common,486
F605,90,4205,"Machinery Management (Main Propulsion & Shaft System)
Are turbochargers in good order?","<Check point>  Check turbochargers.
- No vibration or noise
- No surging
- Condition of LO",,,Common,487
F605,90,4206,"Machinery Management (Main Propulsion & Shaft System)
If the vessel class notation allows UMS operation, are main engine bearing temperature monitors, or the crankcase oil mist detector, in good order?","<Check point>
If possible, test Oil mist detector. Check M/E bearing temperature monitor in good working order.",SOLAS II-1/47.2,,Common,488
F605,90,4207,"Machinery Management (Main Propulsion & Shaft System)
Are manometers of air coolers indicated normal?","<Check point>
Compare values in shop trials or sea trials with those of manometers.",,,Common,489
F605,90,4208,"Machinery Management (Main Propulsion & Shaft System)
Are cut-out devices of main engine fuel pumps ready for immediate use?","<Check point>
1) Special tools are provided near FO injection pump or Chief engineer knows storage place of special tools; and
2) Cut-out devices are in good order.",,,Common,490
F605,90,4209,"Machinery Management (Main Propulsion & Shaft System)
Is stern tube seal system in good order and do they appear to be well maintained?","<Check point> Check LO leakage.
Check SPM E 425 Screw Shaft Condition",,SPM VOL II 7.1.2,Common,491
F605,90,4210,"Machinery Management (Main Propulsion & Shaft System)
Is lubrication of each intermediate bearing in good order?","<Check point>
Check each intermediate bearing. Check amount of LO and lubrication. Alarm and safety device are functional.",,SPM VOL II 7.1.2,Common,492
F605,90,4211,"Machinery Management (Main Propulsion & Shaft System)
Is shaft earthing device in good order?","<Check point> Check brush.
Check potential difference.",,,Common,493
F605,90,4303,"Machinery Management (Generator)
Are diesel generators in good order and do they appear to be well maintained?","<Check point> Check each part.
- Fitting of side cover - shielding against splashes - for FO pump or doubling of FO high-pressure line
- Normal pressure and temperature
- No vibration and noise
- No leak of oil, water or gas
<Annotation>
Notes: Consider examining log book entries to determine that any idle generators have been run recently.
Check that the automatic switch over arrangements and protection devices such as reverse power relays are in good order and that engineers are familiar with procedures for changing over generators.",,SPM VOL II 5.0,Common,494
F605,90,4402,"Machinery Management (Main/Aux. Boiler & EGE)
<Applicable for Aux. Boiler only>
- Is Aux. boiler in good order and do they appear to be well maintained?
- No leakage from safety valve?
- No leak of oil, water or gas?
- No leakage from the level transmitter and its pipe line?
 - Is the water level marked on the level gauge for auxiliary boiler?    (High, Normal, Low, LL)","<Additional check point for NYK owned vessels only>
Note placard stating ""Normal Open/Normal Close"" is posted near boiler valves, e.g., root valve for level gauge, which may be mishandled. For chartered vessel, it is recommendation only and do not point out as finding.
<Annotation>
Notes: Where automated boilers are fitted, they should be being operated in automatic mode. Boiler controls should not be overridden or by-passed.",,SPM VOL II 6.0,Common,495
F605,90,4403,"Machinery Management (Main/Aux. Boiler & EGE)
Is root valve of soot blower closed while it is not working?","<Check point>
Check root valves are closed.",,,Common,496
F605,90,4404,"Machinery Management (Main/Aux. Boiler & EGE)
Is exhaust gas economizer in good order and do they appear to be well maintained?","<Check point> Check leak / hole.
- No leak of Safety valve
- No leak of oil, water or gas
- No hole E.G.E. water on washing drain pipe caused by the corrosion. Especially Elbow of the pipe: Existence risk of sulfuric acid corrosion by water.",,SPM VOL II 6.9,Common,497
F605,90,4405,"Machinery Management (Main/Aux. Boiler & EGE)
Are following normal for Cascade / Filter tank? 1.Water not boiling.
2.Free of oil content. 3.No foreign substance.
4.No water leakage from Atmospheric condenser.","<Check point> Check cascade tank. Check oil.
Check foreign substance.
Check if included in the UMS checklist item -  ""Is oil not floating?""",,SPM VOL II 6.0,Common,498
F605,90,4406,"Machinery Management (Main/Aux. Boiler & EGE)
Is FD Fan running normal?","<Check point>
Check the linkage of inlet guide vane. Check noise.",,,Common,499
F605,90,4503,"Machinery Management (Auxiliary Machinery)
Is boiler water circulating pump in good order and do they appear to be well maintained?","<Check point>
Check shaft seal condition.
Check by interviewing length of time operated.
After ""F/W Engine"" pump must be operated for length of time required for prevention of soot fire.",,Rightship 12.43,Common,500
F605,90,4504,"Machinery Management (Auxiliary Machinery)
Are main air compressors (for starting air / general service air) in good order and do they appear to be well maintained?","<Check point>
Check air compressors. Check safety valve.
Check by interviewing length of time operated.
Note air compressors have not been in continuous operation. Check if LO is emulsified.",,SPM VOL II 7.9,Common,501
F605,90,4505,"Machinery Management (Auxiliary Machinery)
Are control air compressors, if fitted, in good order and do they appear to be well maintained?","<Check point>
Check air compressors. Check safety valve.
Check by interviewing length of time operated, including load/unload.",,SPM VOL II 7.9,Common,502
F605,90,4506,"Machinery Management (Auxiliary Machinery)
Are all pumps( LO pump, Cooling water pump, FO pump, etc.) in good order and do they appear to be well maintained?","<Check point> Check pumps.
Check vibration, noise, and leak.
Check SPM E 442 Pump Overhaul Record",,Rightship 12.43,Common,503
F605,90,4507,"Machinery Management (Auxiliary Machinery)
Are heat exchangers in good order and do they appear to be well maintained?","<Check point>
There is no leak from cover of heat exchangers or from protective zinc lid.",,SPM VOL II 10.22,Common,504
F605,90,4508,"Machinery Management (Auxiliary Machinery)
Are fuel oil purifiers in good order and do they appear to be well maintained?","<Check point> Check FO purifiers.
Note there is no vibration on or noise from FO purifiers. Check pressure gauges and thermometer.
Check following by interview
- inlet temperature is managed properly.
(It depends on type of fuel with considering viscosity.)
- size of gravity disc
Check if FO purifiers are operated with FO feed rate kept as low as practicable during At-sea inspection.",,SPM VOL II 7.11,Common,505
F605,90,4509,"Machinery Management (Auxiliary Machinery)
Are lubricating oil purifiers in good order and do they appear to be well maintained?","<Check point> Check LO purifiers.
Note there is no vibration on or noise from FO purifiers. Check pressure gauges and thermometer.
Check following by interview
- inlet temperature is managed properly.
- size of gravity disc.
Check if FO purifiers are operated with FO feed rate kept as low as practicable during At-sea inspection.",,SPM VOL II 7.11,Common,506
F605,90,4510,"Machinery Management (Auxiliary Machinery)
Is Marine Growth Preventing System (MGPS) in good order and do they appear to be well maintained?","<Check point>
Note Systems have been changed over at sea and in port. Check if the flow meter for MGPS is working or not.
Check SPM E 418 ELECTRICAL REPORT",,Rightship 12.43,Common,507
F605,90,4512,"Machinery Management (Auxiliary Machinery)
Are Ventilation fans in good order and do they appear to be well maintained?","<Check point> Check ventilations.
Check vibration and noise.",,Rightship 12.43,Common,508
F605,90,4513,"Machinery Management (Auxiliary Machinery)
Are the plate type of heat exchangers in good order and do they appear to be well maintained?","<Check Points>
Check water leakage on site.
Check the interval of back wash by interview.",,SPM VOL II 10.22,Common,509
F605,90,4608,"Machinery Management (Electrical Equipment)
Is all electrical equipment including junction boxes and cable runs in good order?",<Check point> Check condition.,,SPM Vol II 10.13,Common,510
F605,90,4609,"Machinery Management (Electrical Equipment)
Are electric motors in good order and do they appear to be well maintained?","<Check point>
Check each electric motor.
Check current, coil temperature, etc.
Check form SPM E 418 ELECTRICAL REPORT",,Rightship 12.43,Common,511
F605,90,4610,"Machinery Management (Electrical Equipment)
Is the level of lighting in all areas of the engine room satisfactory?","<Check point>
Unlit light should not be present.",,SPM VOL II 10.7,Common,512
F605,90,4807,"Machinery Management (F.O. / L.O. Treatment)
Is FO settling and service tank temperature managed properly?","<Check point>
Check FO settling tank temperature with interview. Temperature is depending on type of fuel (viscosity).",,SPM VOL II 4.7,Common,513
F605,90,4808,"Machinery Management (F.O. / L.O. Treatment)
Is FO double bottom tank and other storage tank temperature managed according to Company's instructions?","<Check point>
Check by interviewing.
Check temperature, if possible.",,,Common,514
F605,90,7436,"Emergency Preparedness (Fire Fighting Equipment)
Are portable fire extinguishers in Engine Room and stores in good order with operating instructions clearly marked and are crew members familiar with their operation?","<Check point>
Check fire extinguisher condition.
Monthly inspection record shall be available.
Portable fire extinguisher shall be near the entrance of service space. Check expiry dates of Foam Applicator liquid.","SOLAS
II-2/10.3.2.2
II-2/10.3.3.1 II-2/6.2
FSS Code 4 IMO Res.
A.951",SPM VOL II 11.7.4,Common,515
F605,90,7437,"Emergency Preparedness (Fire Fighting Equipment)
Are discharge nozzles of fixed CO2/foam/hyper mist fire-extinguishing systems in engine room free from obstructions?","<Check point> Check nozzles.
Any obstructions like cover are not acceptable.",,SSQE 15.7.2,Common,516
F605,90,7440,"Emergency Preparedness (Fire Fighting Equipment)
Are fire detector sensors free from obstructions?","<Check point>
Check fire detector sensors.
Any obstructions like cover are not acceptable.",,SSQE 15.17.2,Common,517
F605,90,8302,"Pollution Prevention (Bilge)
Are specific warning notices posted to safeguard against the accidental opening of the overboard discharge valve from the oily water separator?","<Check point> Check by Interview.
Check the local (Machinery spaces, bilge/ballast pump operating places,  etc.) Warning notice for accidental opening of  O/Bd valve shall be posted prominently. Check condition of solenoid valve, if fitted.
<Annotation>
Note: The overboard valve should be sealed and provided with a warning notice indicating that the valve should not be opened without the authority of the chief engineer or Master.",,SSQE ANNEX 3,Common,518
F605,90,8303,"Pollution Prevention (Bilge)
Does the vessel minimize bilge and sludge tank level?
Does the vessel have plan for shore discharge in case she have excessive amount of bilge and sludge?
Are engine room bilges not overflowing on tank top?","<Check point>
Check remaining bilge and sludge.
- PSC ports may detain the vessel unless she has enough capacity of bilge tank and BSO tank to next port.
- PSC may detain the vessel if excessive bilge and oil leaks found in E/R.","Marpol Annex 1, Reg. 12/2",SPM VOL II 10.29,Common,519
F605,90,8304,"Pollution Prevention (Bilge)
Is tank top around suctions of bilge, including direct and emergency bilge, clean?",<Check point> Check condition.,,SPM VOL II 10.30,Common,520
F605,90,8305,"Pollution Prevention (Bilge)
Are emergency bilge pumping arrangements ready for immediate use; is the emergency/direct bilge suction clearly identified and, where fitted, is the emergency overboard discharge valve provided with a notice warning against accidental opening?","<Check point>
Bilges shall be clear of any debris or rags/ jute etc. which may choke the emergency suction. Emergency Overboard valve is SHUT and lashed with tamperproof seal or similar arrangements. Warning notice shall be posted near O/Bd valve.
Clear identification of emergency bilge suction valve.
Note suction valve wheels are colored in red and black to be distinguished from other bilge valves.","MARPOL
I/4",SPM VOL II 10.3.1,Common,521
F605,90,8306,"Pollution Prevention (Bilge)
Are the engine room bilge oily water pumping and disposal arrangements in good order?
Check if flange after bilge pump is fitted with tamperproof nut/ bolts or with tamperproof numbered seal.
Is there any temporally pipe fitted on bilge dicharge line?
Does the vessel conduct 15ppm bilge alarm and 3-way valve function test periodically?","<Check point>
Check by interviewing Department Head.
<Annotation>
PSC may be detained the vessel under suspicion for illegal bilge discharge at PSC inspection due to misunderstanding such plastic temporally pipe as ""Magic pipe"".
(NYK PSC Information 2007 004）
A direct connection overboard from a bilge pump used for the regular disposal of accumulations of bilge water, or for any other oil service, must be recorded as an Observation.
At least two power pumps connected to the main bilge system shall be provided, one of which may be driven by the propulsion machinery. If the Administration is satisfied that the safety of the ship is not impaired, bilge pumping arrangements may be dispensed with in particular compartments. (SOLAS II-1 Reg. 21.3)",SOLAS II-1/21.3,SSQE ANNEX 3,Common,522
F605,90,8307,"Pollution Prevention (Bilge)
Is the oily water separator in good order, free from unauthorised modifications and are the engineers well familiar with its operation and data recovery procedure where applicable?","<Check point>
Check by interviewing Department Head. Test OWS for 15PPM alarm.
Oil Content Meter: if possible, zero indication is confirmed by fresh water.
If OWS is fitted with in-built memory, verify if engineers are aware of downloading procedures of this information. Bilge Separator: Corrosion, hole and leak and pressure gauge of separator.
Check if entries are made in the Oil Record Book for all maintenance and repairs of OWS.","MARPOL I/14
(RESOLUTI ON MEPC.107 (49),
Revised Guidelines and Specificatio ns for Pollution Prevention Equipment for Machinery Space Bilges of ships, 2003)",Rightship 6.21,Common,523
F605,90,8308,"Pollution Prevention (Bilge)
Is fresh water valve for cleaning the sensor fitted on 15ppm bilge alarm system controlled properly?
Is the notice board such as ""DO NOT OPEN THIS VALVE WITHOUT C/E’ S PERMISSION"" , ""DO NOT OPEN THIS VALVE DURING OPERATION"" and ""MAINTENANCE USE ONLY"" placed?","<Check point>
Check if the notice board such as ""DO NOT OPEN THIS VALVE WITHOUT C/E’S PERMISSION"" , ""DO NOT OPEN THIS VALVE DURING OPERATION"" and ""MAINTENANCE USE ONLY""  is placed or not.",,SSQE ANNEX 8,Common,524
F605,90,8309,"Pollution Prevention (Bilge)
Is overboard bilge discharge valve for oily water lashed and locked?","<Check point>
Note overboard bilge discharge valve for oily water shall be lashed and locked.",,SSQE ANNEX 3,Common,525
F605,90,8310,"Pollution Prevention (Bilge)
Is engine room bilge piping diagram posted near bilge pump or bilge separator?","<Check point>
Check bilge piping diagram.
Note bilge piping diagram is in good order.",,SSQE ANNEX 3,Common,526
F605,90,8311,"Pollution Prevention (Bilge)
Have disposals of sludge and other machinery waste been conducted in accordance with MARPOL requirements?","<Check point>
Check by interviewing.
Check sludge piping diagram.
Check around sludge pump in engine room.
There shall not be any secondary discharge connection from sludge pump except standard discharge connection.",MARPOL I/12.2,,Common,527
F605,90,8312,"Pollution Prevention (Bilge)
Are WO tanks cleaned periodically?
Are the level gauges fitted on WO tank in good order and do they appear to be well maintained?","<Check point>
Check if the cleaning of WO tanks are included in PMS. If the cleaning was not carried out as per PMS, point out as a finding.
Check the condition of the level gauge by interview. If ship's staff always use the figure of manual sounding instead of level gauge, point out as a finding.",,,Common,528
F605,90,8600,"Pollution Prevention (Sewage)
Are sewage plant in good order and do they appear to be well maintained?","<Check point>
Check pumps, blower.
Check vibration, noise, and leak. Check leak.
Check chemical dosage.
Check if overboard valve (direct discharge) of sewage is closed and not defective.
Regulation 11.1.1 of the revised Annex IV of MARPOL 73/78 requires that untreated sewage, which may be discharged at more than 12 nautical miles from the nearest land, should not be discharged instantaneously but at a moderate rate of discharge when the ship is enroute and proceeding at a speed not less than 4 knots, while the rate should be approved by the Administration based upon standards developed by the Organisation.
NBPMAR2019019 Deficiency of overboard valve for sewage by PSC in China","(MARPOL, 2017)
 (Resolution MEPC.157 (55),
Recommen dation on Standards for the Rate of Discharge of Untreated Sewage
from Ships,",SPM VOL II 10.32,Common,529
F605,90,8601,"Pollution Prevention (Sewage)
Does the vessel have enough chemical pill (tablet) on board?","<Check point>
Check ROB of chemical pill (tablet) by interview.",,,Common,530
F605,90,9516,"Safety Management (Safety Culture)
Are purifier rooms and fuel and lubricating oil handling areas ventilated and clean?","<Check point> Check oily part.
<Annotation>
Note: A significant number of major incidents occur as a result of engine room fires. It is of particular importance that purifier rooms and oil handling areas are maintained in a clean condition.",,SSQE 15.7.2,Common,531
F605,90,9613,"Safety Management (Work Environment)
Are Officers aware of safety guidelines for electric welding equipment in good order and are written safety guidelines posted on site?","<Check point>
Check welding equipment.
Electric Welding equipment shall be properly grounded. Cable insulation, face shield, gloves and apron shall be in good condition. Poster with Safety guidelines for ""Electric shock"" shall be prominently displayed near equipment.",,SSQE 6.4,Common,532
F605,90,9614,"Safety Management (Work Environment)
Do engine room machine tools have adequate eye protection available?","<Check point>
Check that eye protections are in good condition",,SSQE 5.2,Common,533
F605,90,9615,"Safety Management (Work Environment)
Are IMO personal protective equipment signs displayed at the entrance of engine room and inside workshop?","<Check point>
Check entrance to engine room and inside of workshop.
- Wear Ear Plugs
- Wear Protective Goggles
- Wear Helmet
- Wear Safety Harness and etc.",,SSQE 5.15,Common,534
F605,90,9616,"Safety Management (Work Environment)
Are emergency escape routes clearly marked, unobstructed, well illuminated and are ship’s crew familiar with the escape routes?","<Check point>
Check placards and symbol marks.
Note arrows showing escape routes from engine room are marked on each floor of engine room. Note arrows are clear. At least one arrow must be sighted from wherever in engine room.
Escape Trunk equipped with Harness.
<Liquid only>
Escape routes marked by luminous paint.",,Rigthship 12.21,Common,535
F605,90,9617,"Safety Management (Work Environment)
Is all moving machinery provided with effective guards where this presents a hazard, and adequate eye protection available?","<Check point>
All moving machineries, irrespective of their size shall be provided with effective guard to avoid any direct contact with moving parts during inspection or rounds.
Check caution mark around it to see easily.",,,Common,536
F605,90,9618,"Safety Management (Work Environment)
Are records maintained for the regular inspection and testing of lifting devices and loose gears?",<Check point> Check SPM E 448 Loose Gear Inspection Record,,,Common,537
F604,GENERAL,1.0,KSM Human Resource Manual is available and up to date,,,HRM 2.3.3,,1
F604,GENERAL,2.0,"Is Manning Office located in a country, signatory to MLC 2006",,,HRM 11.1,,2
F604,GENERAL,3.0,SPRS Licence or recognition from National Authority,,,HRM 11.1,,3
F604,GENERAL,4.0,Holding Safe Manning Certificate for managed vessels,,ISM 6.2,,,4
F604,GENERAL,5.0,"Is quality certified, name of QA body",,,HRM 11.1,,5
F604,GENERAL,6.0,Obtain a copy of organization structure,,,,,6
F604,GENERAL,7.0,Availability of applicable CBA in Manning Office,,,,,7
F604,GENERAL,8.0,Procedure to keep abreast with industry changes,,,HRM 11.2.6,,8
F604,GENERAL,9.0,Management contract with KSM,,,,,9
F604,RECRUITMENT,10.0,Availability of rotation plan from KSM,,,HRM 3.3.4,,10
F604,RECRUITMENT,11.0,Awareness of Officer's Matrix from OCIMF,,,HRM 3.3.6,,11
F604,RECRUITMENT,12.0,Evidence of pre-employment tests,,,HRM 3.5.5,,12
F604,RECRUITMENT,13.0,Authencity of documentation,,,HRM 3.5.8,,13
F604,RECRUITMENT,14.0,Document verification process and use of F 502,,,HRM 3.5.8.3,,14
F604,RECRUITMENT,15.0,Sample check for various ranks against minimum qualification documented by KSM,,,HRM Sec 3. Annex,,15
F604,RECRUITMENT,16.0,Notice of readiness and mutual agreement early joining,,,HRM 4.1.2,,16
F604,RECRUITMENT,17.0,"Handling of ex-crew and ex-officers, retention",,,HRM 11.2.9,,17
F604,RECRUITMENT,18.0,Medical examination - acceptance by Admin,,,HRM 4.1.3.2,,18
F604,RECRUITMENT,19.0,Quality control of clinics,,,HRM 4.1.3.5,,19
F604,RECRUITMENT,20.0,Understanding and acceptance of SEA,,,HRM 4.1.4.2,,20
F604,RECRUITMENT,21.0,Familiarisation process for Junior Officers,,ISM 6.1.2,HRM 4.6,,21
F604,RECRUITMENT,22.0,Familiarisation process for Ratings,,,HRM 4.7,,22
F604,RECRUITMENT,23.0,Drug and Alcohol screening,,,HRM 5.4,,23
F604,RECRUITMENT,24.0,Confirmation of minimum age,,,HRM 3.1.4,,24
F604,RECRUITMENT,25.0,If joining prior completion of vacation- procedure,,,,,25
F604,RECRUITMENT,26.0,Emergency contact for crew joining/leaving,,,,,26
F604,WELFARE,27.0,Complaint handling procedure,,,HRM Internal,,27
F604,WELFARE,28.0,Remittance of Allotment and confirmation to personnel on board,,,,,28
F604,WELFARE,28.0,Is all joiners provided with complaint procedure and contact details,,,HRM Sec 14,,29
F604,WELFARE,29.0,Settlement of FWA,,,HRM 16.4,,30
F604,WELFARE,30.0,Social welfare / Union membership,,,,,31
F604,Misc,31.0,Providing PPE minimum supply during joining,,,HRM 9.18,,32
F604,Misc,32.0,Visa policy,,,,,33
F604,Misc,33.0,Contract Monitoring,,,,,34
F604,Misc,34.0,Internal audit and continuous improvement procedure,,,,,35
F604,Misc,35.0,Are relevant Marine notices from Liberia and Singapore available,,,,,36
F604,Misc,36.0,Procedure to handle medical case involving claims,,,,,37
F604,Misc,37.0,New Joiners Back ground check procedure,,,,,38
F604,TRAINING,38.0,Shore based Training facility & approvals,,,,,39
F604,TRAINING,39.0,Number of personnel trained,,,,,40
F604,TRAINING,40.0,Establishing training requirement,,,HRM 15.2.3,,41
F604,TRAINING,41.0,Execution and record keeping,,,,,42
F604,TRAINING,42.0,Customized training for KSM 42,,,,,43
F604,TRAINING,43.0,Training of Catering Staff,,Lib 04,,,44
F604,Verification of procedures at random for the Manning Agent (Based on Management Manual),44.0,Ensuring proficiency in English as working language,,,,,45
F604,Verification of procedures at random for the Manning Agent (Based on Management Manual),45.0,Evidence of regular payment in line with KSM agreement.,,,,,46
F604,Verification of procedures at random for the Manning Agent (Based on Management Manual),46.0,Insurance for Crew,,,,,47
F606_CREW,GENERAL,1.0,"Familiar with Vision, Mission, Core values and policies",,,APEX 2.1.1 & 3,,1
F606_CREW,GENERAL,2.0,Awareness of Office Organisation,,,OPM 2.0,,2
F606_CREW,GENERAL,3.0,Familiar with Crew Department roles and responsibilities,,,OPM 3.0,,3
F606_CREW,GENERAL,4.0,"Management of Change is reviewed, properly implemented and recorded",,,"SSQE 3.3, 3.4 & 3.5",,4
F606_CREW,GENERAL,5.0,PPE of good quality and sufficient quantity are available to all on board,,,SSQE 5.2,,5
F606_CREW,GENERAL,6.0,KPI is set through internal review process,,,SSQE 10.11.8,,6
F606_CREW,GENERAL,7.0,Understanding of risk assessment process,,,SSQE 2.0,,7
F606_CREW,RECRUITMENT & EMPLOYMENT,8.0,Rotation plan is followed,,,HRM 3.3.5,,8
F606_CREW,RECRUITMENT & EMPLOYMENT,9.0,Officers matrix is complied with,,,HRM 3.3.6,,9
F606_CREW,RECRUITMENT & EMPLOYMENT,10.0,Recruitment procedure followed,,,HRM 3.5,,10
F606_CREW,RECRUITMENT & EMPLOYMENT,11.0,Minimum compliance achieved (Annex 1),,,HRM 3.5.3.1,,11
F606_CREW,RECRUITMENT & EMPLOYMENT,12.0,Use of HRM F 502 to complete document check,,,HRM 4.1.4,,12
F606_CREW,RECRUITMENT & EMPLOYMENT,13.0,Each seafarer holds valid medical examination report,,,HRM 4.1.3,,13
F606_CREW,RECRUITMENT & EMPLOYMENT,14.0,Employment agreement duly executed & available,,,HRM 4.1.4.2,,14
F606_CREW,RECRUITMENT & EMPLOYMENT,15.0,Change of officers on board follows procedure,,,HRM 4.4,,15
F606_CREW,RECRUITMENT & EMPLOYMENT,16.0,Pre-joining briefing of senior officers carried out,,,HRM 4.5,,16
F606_CREW,RECRUITMENT & EMPLOYMENT,17.0,Debriefing procedure is followed,,,HRM 4.1,,17
F606_CREW,RECRUITMENT & EMPLOYMENT,18.0,Appraisal reports are prepared timely & available (HRM S 508 & HRM S 508A),,,HRM 6.1.3.3,,18
F606_CREW,RECRUITMENT & EMPLOYMENT,19.0,Appraisal process for new joiners and interim followed,,,HRM 6.1.3.4,,19
F606_CREW,RECRUITMENT & EMPLOYMENT,20.0,Promotion procedure verified,,,HRM 6.2,,20
F606_CREW,WELFARE,21.0,Medical support to seafarer provided,,,HRM 9.16,,21
F606_CREW,WELFARE,22.0,On board complaint procedure and redressal,,,HRM 14.1.4,,22
F606_CREW,WELFARE,23.0,Provisions are supplied at regular interval,,,HRM 9.1.2,,23
F606_CREW,WELFARE,24.0,Welfare fund is utilized properly,,,HRM 9.9,,24
F606_CREW,WELFARE,25.0,Marine injury reporting system is followed,,,HRM 18.4,,25
F606_CREW,Training,26.0,"Necessary training for all shipboard personnel are identified, planned and executed",,,SSQE 8.2,,26
F606_CREW,Training,27.0,"On board trainings are carried out, records available",,,HRM 15.5.2,,27
F606_CREW,Training,28.0,Training needs are identified through established procedure,,,HRM 15.6,,28
F606_CREW,Training,29.0,Annual review of training requirement is carried out,,,HRM 15.1,,29
F606_CREW,MISC,30.0,Manning offices are audited and audit findings followed up,,,HRM 7.0,,30
F606_CREW,MISC,31.0,Records of seafarers are maintaine and readily available,,,HRM 12.0,,31
F606_CREW,MISC,32.0,"Riding gangs, service engineers and external contractors are briefed and monitored",,,HRM 17.4,,32
F606_CREW,MISC,33.0,Records of seafarers are maintaine and readily available,,,HRM 12.0,,33
F606_CREW,KEY PERFORMANCE INDICATOR,34.0,KPI for Crew Dept available and analyzed,,,HRM App D,,34
F606_CREW,ENVIRONMENT MANAGEMENT SYSTEM,35.0,Life cycle approach is understood,,,EMS 2.4,,35
F606_CREW,ENVIRONMENT MANAGEMENT SYSTEM,36.0,"Familiar with Environment policy, targets & objectives",,,"EMS 2.5, 2.6",,36
F606_CREW,ENVIRONMENT MANAGEMENT SYSTEM,37.0,Key personnel are trained and/or familiarized on EMS as appropriate,,,EMS 5.4,,37
F606_TECH,GENERAL,1.0,"Familiar with Vision, Mission, Core values and policies",,,"APEX 2.1.1, 3",,1
F606_TECH,GENERAL,2.0,Awareness of Office Organisation,,,OPM 2.0,,2
F606_TECH,GENERAL,3.0,Familiar with Tech Dept roles and responsibilities,,,OPM 3.0,,3
F606_TECH,GENERAL,4.0,"Familiar with incident, non-conformity and near miss reporting and follow up",,,SSQE 11.1.1,,4
F606_TECH,GENERAL,5.0,MOC while Superintendent is absent is followed up through handover process,,,SSQE 3.3.8,,5
F606_TECH,GENERAL,6.0,"Management of Change is reviewed, properly implemented and recorded",,,"SSQE 3.3, 3.4 & 3.5",,6
F606_TECH,GENERAL,7.0,KPI is set through internal review process,,,SSQE 10.11.8,,7
F606_TECH,GENERAL,8.0,"Drawings and various manuals are inventoried, maintained and updated as necessary",,,SSQE 12.2.2,,8
F606_TECH,GENERAL,9.0,Weekly management meetings are conducted and followed up,,,SSQE 9.2,,9
F606_TECH,GENERAL,10.0,Purchasing activity is in line with procedure and executed within reasonable time limit,,,OPM 4.3,,10
F606_TECH,SHIPBOARD OPERATIONS,11.0,Employment of riding gangs on board following appropriate safety procedure,,,HRM 17.4,,11
F606_TECH,SHIPBOARD OPERATIONS,12.0,Chief Engineer's standing order is in compliance with KSM guidelines,,,SPM 3.0 2.4,,12
F606_TECH,SHIPBOARD OPERATIONS,13.0,Necessary training for shipboard personnel is identified during vessel visit,,,SSQE 8.1.5,,13
F606_TECH,SHIPBOARD OPERATIONS,14.0,Risk assessment is carried out and approved by KSM prior to tasks as defined,,,SSQE 2.8.3,,14
F606_TECH,SHIPBOARD OPERATIONS,15.0,Bunker analysis report is analysed and followed up,,,SPM 3.0 9.20.2,,15
F606_TECH,SHIPBOARD OPERATIONS,16.0,"Tank inspection reports, including void spaces are available, inspections conducted regularly",,,SPM 4.0 6.4.2 & 12.8.1,,16
F606_TECH,SHIPBOARD OPERATIONS,17.0,ME performance report is reviewed regularly,,,SPM 4.0 9.3,,17
F606_TECH,SHIPBOARD OPERATIONS,18.0,AE performance report is reviewed regularly,,,SPM 4.0 5.2.16,,18
F606_TECH,SHIPBOARD OPERATIONS,19.0,Pressure test of bunker line is carried out,,,SPM 4.0 9.25,,19
F606_TECH,SHIPBOARD OPERATIONS,20.0,Lub oil analysis and action plan for adverse reports,,,SPM 4.0 10.14,,20
F606_TECH,"MAINTENANCE, CALIBRATION AND INSPECTION",21.0,Periodic inspection of each vessel is carried out as per plan and deficiencies are followed up.,,,SSQE 4.3.1,,21
F606_TECH,"MAINTENANCE, CALIBRATION AND INSPECTION",22.0,Comparative analysis of vessel inspections is conducted half-yearly,,,SSQE 4.3.4,,22
F606_TECH,"MAINTENANCE, CALIBRATION AND INSPECTION",23.0,Record of condition of class imposed is maintained,,,SPM 3.0 1.3,,23
F606_TECH,"MAINTENANCE, CALIBRATION AND INSPECTION",24.0,"Maintenance/test plan is followed in order to maintain UMS notation, records available SPM E 423",,,SPM 3.0 2.18,,24
F606_TECH,"MAINTENANCE, CALIBRATION AND INSPECTION",25.0,"Maintenance records for Main engine Forms SPM E 408, 415, 416, 421, 418 available at correct interval",,,SPM 3.0 4.2,,25
F606_TECH,"MAINTENANCE, CALIBRATION AND INSPECTION",26.0,"Maintenance records for Auxiliary Engine Froms SPM E 409, 417, 421, 418",,,SPM 3.0 5.4,,26
F606_TECH,"MAINTENANCE, CALIBRATION AND INSPECTION",27.0,Maintenance record is up to date and maintenance history is available within computerized PMS,,,SPM 3.0 8.4,,27
F606_TECH,"MAINTENANCE, CALIBRATION AND INSPECTION",28.0,Record of inspection of lifting gears in Engine room and inventory of loose gears,,,SPM 3.0 10.5.3,,28
F606_TECH,"MAINTENANCE, CALIBRATION AND INSPECTION",29.0,Emergency diesel generator is tested as per procedure and on load,,,SPM 4.0 11.1.2,,29
F606_TECH,"MAINTENANCE, CALIBRATION AND INSPECTION",30.0,Maintenance of critical machinery is carried out as per procedure,,,SPM 4.0 12.4.2 & 12.4.3,,30
F606_TECH,"MAINTENANCE, CALIBRATION AND INSPECTION",31.0,Risk assessement is carried out prior maintenance of critical machinery is undertaken,,,SPM 4.0 12.5,,31
F606_TECH,"MAINTENANCE, CALIBRATION AND INSPECTION",32.0,The applicable check lists for Dry Docking operation are used and available,,,SPM 4.0 13.3,,32
F606_TECH,"MAINTENANCE, CALIBRATION AND INSPECTION",33.0,Winches and windlasses periodic maintenance are carried out diligently,,,SPM 3.0 10.41,,33
F606_TECH,"MAINTENANCE, CALIBRATION AND INSPECTION",34.0,PMS of navigation equipment is followed up,,,SPM 1.0 12.1.2,,34
F606_TECH,"MAINTENANCE, CALIBRATION AND INSPECTION",35.0,Mooring equipment power pack oil analysis (6M),,,SPM 2.0 1.5.15,,35
F606_TECH,"MAINTENANCE, CALIBRATION AND INSPECTION",36.0,Ballast tanks vents are inspected and cleaned annually,,,SPM 4.0 6.4.7,,36
F606_TECH,"MAINTENANCE, CALIBRATION AND INSPECTION",37.0,Records of IGS maintenance available and monitored,,,SPM 4.0 9.8.6,,37
F606_TECH,"MAINTENANCE, CALIBRATION AND INSPECTION",38.0,IGS tank branch valves inspected every 60 months,,,SPM 4.0 9.10.3,,38
F606_TECH,"MAINTENANCE, CALIBRATION AND INSPECTION",39.0,ODME spares are available (environmentally critical equipment),,,SPM 4.0 2.5.7,,39
F606_TECH,DOCUMENTATION,40.0,Enhanced Survey file is available and up to date,,,,,40
F606_TECH,DOCUMENTATION,41.0,SSQEM records are properly maintained and controlled,,,SSQE 14.3,,41
F606_TECH,DOCUMENTATION,42.0,Boiler water analysis report is maintained,,,SPM 3.0 6.3.3,,42
F606_TECH,DOCUMENTATION,43.0,Record of Screw shaft monitoring is maintained,,,SPM 3.0 7.1,,43
F606_TECH,DOCUMENTATION,44.0,"Inspection reports are maintained, reviewed and followed up",,,SSQE 4.3,,44
F606_TECH,DOCUMENTATION,45.0,Maintenance related records are maintained in AMOS M&P application,,,SPM 3.0 8.4,,45
F606_TECH,DOCUMENTATION,46.0,Monthly Engineering/Maintenance reports are sent from vessel and maintained in order in WSP office,,,SPM 3.0 8.5,,46
F606_TECH,EMERGENCY PREPAREDNESS,47.0,Familiar with accident/incident handling roles and responsibilities,,,,,47
F606_TECH,EMERGENCY PREPAREDNESS,48.0,emergency equiment are tested periodically/as per PMS and results recorded and maintained in office,,,,,48
F606_TECH,PURCHASING DEPARTMENT,49.0,Spare parts are sourced with preference to Manufacturer of required spare parts or OEM,,,OPM 4.1.3,,49
F606_TECH,PURCHASING DEPARTMENT,50.0,Each purchase of goods and/or services is documented through purchase order,,,OPM 4.1.5,,50
F606_TECH,PURCHASING DEPARTMENT,51.0,Preference is gine to vendors/contractors with environmental protection initiative,,,OPM 4.1.7,,51
F606_TECH,PURCHASING DEPARTMENT,52.0,"Consumable stores are arranged at 4-month interval, with a tolerance of additional 30 days",,,OPM 4.3.1,,52
F606_TECH,PURCHASING DEPARTMENT,53.0,Provisions are arranged as per request,,,OPM 4.3.3,,53
F606_TECH,PURCHASING DEPARTMENT,54.0,"Masters are informed of impending supply, if any",,,OPM 4.3.18,,54
F606_TECH,PURCHASING DEPARTMENT,55.0,Spare parts with long delivery schedule are monitored & coordinated for supply on board once ready,,,OPM 4.4.10 & 4.4.11,,55
F606_TECH,PURCHASING DEPARTMENT,56.0,"Stores supplied under long contractual term are followed up, if any",,,OPM 4.5,,56
F606_TECH,PURCHASING DEPARTMENT,57.0,"Urgent requirements of stores and spares are processed with exception of bypassing quotation process, but regularized in AMOS M&P later on",,,OPM 4.6,,57
F606_TECH,PURCHASING DEPARTMENT,58.0,Running repairs requested are recorded in AMOS M&P,,,OPM 4.8.3,,58
F606_TECH,IT DEPARTMENT,59.0,Effective procedure to safeguard data and password,,,OPM 5.3.2,,59
F606_TECH,IT DEPARTMENT,60.0,inventory of IT assets are up-to-date and recorded,,,OPM 5.3.6.4,,60
F606_TECH,ENVIRONMENT MANAGEMENT SYSTEM,61.0,Life cycle approach is understood,,,EMS 2.4,,61
F606_TECH,ENVIRONMENT MANAGEMENT SYSTEM,62.0,"Familiar with Environment policy, targets & objectives",,,"EMS 2.5, 2.6",,62
F606_TECH,ENVIRONMENT MANAGEMENT SYSTEM,63.0,Key personnel are trained and/or familiarized on EMS as appropriate,,,EMS 5.4,,63
F606_TECH,ENVIRONMENT MANAGEMENT SYSTEM,64.0,Management level personnel completed VGP training,,,VGP,,64
F606_TECH,ENVIRONMENT MANAGEMENT SYSTEM,65.0,During ship visit raise awareness on reduction of waste,,,,,65
F606_TECH,ENVIRONMENT MANAGEMENT SYSTEM,66.0,"Monitors fuel consumptions, use of chemicals and compliance with SEEMP",,,SEEMP,,66
F606_TECH,ENVIRONMENT MANAGEMENT SYSTEM,67.0,Monitors maintenance & repair of environmentally critical equipment,,,,,67
F606_OPS,GENERAL,1.0,"Familiar with Vision, Mission, Core values and policies",,,APEX 2.1.1 & 3,,1
F606_OPS,GENERAL,2.0,Awareness of Office Organisation,,,OPM 2.0,,2
F606_OPS,GENERAL,3.0,Familiar with Operations Dept roles and responsibilities,,,OPM 3.0,,3
F606_OPS,GENERAL,4.0,"Management of Change is reviewed, properly implemented and recorded",,,"SSQE 3.3, 3.4 & 3.5",,4
F606_OPS,GENERAL,5.0,KPI is set through internal review process,,,SSQE 10.11.8,,5
F606_OPS,GENERAL,6.0,Risk assessment procedure is maintained and documented,,,SSQE 2.0,,6
F606_OPS,PROCEDURES,7.0,"Safety working practices are promoted on board and work permits are assessed and maintained, where necessary",,,SSQE 5.0 & 6.0,,7
F606_OPS,PROCEDURES,8.0,"Internal Navigation audit is conducted, reviewed and recorded",,,SPM 1.0 2.7,,8
F606_OPS,PROCEDURES,9.0,External Navigation audit is planned and arranged,,,SPM 1.0 2.7.5,,9
F606_OPS,PROCEDURES,10.0,"Risk assessment in case of key Navigation equipment failure, KSM concurrence on sailing",,,SPM 1.0 12.1.3 & 12.1.4,,10
F606_OPS,PROCEDURES,11.0,"Arrangement of charts and publications supply, corrections/monitoring from Office",,,SPM 1.0 8.1,,11
F606_OPS,PROCEDURES,12.0,"ECDIS management, supply of ENC and corrections/monitoring from Office",,,SPM 1.0 8.3,,12
F606_OPS,PROCEDURES,13.0,Availability of magnetic compass and error check,,,SPM 1.0 10.6.5,,13
F606_OPS,PROCEDURES,14.0,Annual check of VDR data,,,SPM 1.0 12.6.7,,14
F606_OPS,PROCEDURES,15.0,"Radio batteries are load tested annually, records available",,,SPM 1.0 12.30.5,,15
F606_OPS,PROCEDURES,16.0,Accuracy of speed log is established,,,SPM 1.0 12.9.4,,16
F606_OPS,PROCEDURES,17.0,Servicing of UTI and Gas detectors are carried out as per procedure,,,SPM 4.0 7.11.4,,17
F606_OPS,PROCEDURES,18.0,Failure of inert gas system followed up,,,SPM 4.0 9.5.1,,18
F606_OPS,PROCEDURES,19.0,Tank cleaning line integrity is checked periodically,,,SPM 4.0 8.15.1 & 8.15.3,,19
F606_OPS,PROCEDURES,20.0,Cargo piping system is pressure tested at regular interval,,,SPM 4.0 12.2.5,,20
F606_OPS,PROCEDURES,21.0,Periodic tests and calibration of ODME are carried out and records maintained,,,SPM 4.0 2.5,,21
F606_OPS,PROCEDURES,22.0,Risk assessment is carried out and approved by KSM prior to maintenance of critical equipment (Equipment monitored by Ops Dept .),,,SSQE 2.1,,22
F606_OPS,PROCEDURES,23.0,"When UKC available is less than KSM requirement, risk assessment is carried out",,,SPM 1.0 7.6.3,,23
F606_OPS,PROCEDURES,24.0,Stowage plans submitted to commercial operator/charterers reviewed by KSM,,,SPM 4.0 4.1.2,,24
F606_OPS,PROCEDURES,25.0,Training of junior officers in cargo planning,,,SPM 4.0 5.3,,25
F606_OPS,PROCEDURES,26.0,Safety Officers inspection reports (SQE S 608) are reviewed and followed up as necessary.,,,SSQE 4.5,,26
F606_OPS,PROCEDURES,27.0,Minutes of Safety meetings (SQE S 623) are reviewed and followed up as necessary.,,,SSQE 9.4,,27
F606_OPS,INSPECTIONS,28.0,Necessary training for shipboard personnel is identified during vessel visit,,,SSQE 8.1.5,,28
F606_OPS,INSPECTIONS,29.0,Periodic inspection of each vessel is carried out as per plan.,,,SSQE 4.3.1,,29
F606_OPS,INSPECTIONS,30.0,"Inspection reports are maintained, reviewed and followed up",,,SSQE 4.3,,30
F606_OPS,DOCUMENTATION,31.0,List of external documents used is maintained and updated,,,SSQE 12.2.2,,31
F606_OPS,DOCUMENTATION,32.0,Ensure that all related documents for cargo and ballast procedures are well maintained and updated on board fleet vessels,,,SPM 4.0 2.4,,32
F606_OPS,EMERGENCY PREPAREDNESS,33.0,Duties and responsibilities during an emergency is known,,,,,33
F606_OPS,EMERGENCY PREPAREDNESS,34.0,Operations Dept. maintains up to date contact details for Charterers to liaise in an emergency,,,,,34
F606_OPS,EMERGENCY PREPAREDNESS,35.0,Drug and Alcohol test procedure followed,,,HRM 5.0,,35
F606_OPS,EMERGENCY PREPAREDNESS,36.0,Fresh water tanks are cleaned periodically,,,HRM 9.2.3,,36
F606_OPS,EMERGENCY PREPAREDNESS,37.0,Work rest hour records are monitored and Non conformities are addressed,,,HRM 8.0,,37
F606_OPS,MOORING,38.0,Winch brakes are tested every 12 months or when maintenance is carried out,,,SPM 2.0 1.5.8,,38
F606_OPS,MOORING,39.0,Condition monitoring of mooring gear,,,SPM 2.0 1.5.30,,39
F606_OPS,MOORING,40.0,Risk assessment for Mooring operations are carried out,,,SPM 2.0 1.2.2,,40
F606_OPS,MOORING,41.0,Availability of spare equipment for mooring,,,SPM 2.0 1.5.23 & 1.5.26,,41
F606_OPS,SECURITY,42.0,"Ship Security Assessment for vessels while taking over, are reviewed and completed",,ISPS A/8 & B/8,,,42
F606_OPS,SECURITY,43.0,Security assessement for each voyage as prepared by SSO is being reviewed and actions taken as necessary,,,,,43
F606_OPS,SECURITY,44.0,Information related to security of the vessels monitored and conveyed to Masters/SSO,,,,,44
F606_OPS,ENVIRONMENT MANAGEMENT SYSTEM,45.0,Life cycle approach is understood,,,EMS 2.4,,45
F606_OPS,ENVIRONMENT MANAGEMENT SYSTEM,46.0,"Familiar with Environment policy, targets & objectives",,,"EMS 2.5, 2.6",,46
F606_OPS,ENVIRONMENT MANAGEMENT SYSTEM,47.0,Key personnel are trained and/or familiarized on EMS as appropriate,,,EMS 5.4,,47
F606_OPS,ENVIRONMENT MANAGEMENT SYSTEM,48.0,Management level personnel completed VGP training,,,VGP,,48
F606_OPS,ENVIRONMENT MANAGEMENT SYSTEM,49.0,During ship visit raise awareness on reduction of waste,,,,,49
F606_OPS,ENVIRONMENT MANAGEMENT SYSTEM,50.0,Monitors ballast water management and compliance with international and local regulations,,,,,50
F606_OPS,ENVIRONMENT MANAGEMENT SYSTEM,51.0,Monitors maintenance & repair of environmentally critical equipment,,,,,51
F606_SQA,GENERAL,1.0,"Familiar with Vision, Mission, Core values and policies",,,APEX 2.1.1 & 3,,1
F606_SQA,GENERAL,2.0,Awareness of Office Organisation,,,OPM 2.0,,2
F606_SQA,GENERAL,3.0,Familiar with SQA role and responsibilities,,,OPM,,3
F606_SQA,GENERAL,4.0,Familiar with DPA role and responsibilities,,ISM 4.0,SSQE 1.2,,4
F606_SQA,GENERAL,5.0,VRP and California VRP (for ships going Californian waters) under OPA 90 are maintained for each vessel,,,,,5
F606_SQA,GENERAL,6.0,"An annual review of TMSA declaration is made to establish gaps, if any, and plan structured progress.",,,SSQE 3.4.8,,6
F606_SQA,PROCEDURES,7.0,Risk assessment culture is understood and established for the Fleet and Office,,,SSQE 2.4,,7
F606_SQA,PROCEDURES,8.0,"Management of change is formal and practiced, change management is recorded Form SQE F 612",,,SSQE 3.3.13,,8
F606_SQA,PROCEDURES,9.0,Amendments and revisions of SMS documents follow laid down procedures,,,SSQE 3.4,,9
F606_SQA,PROCEDURES,10.0,Drills and exercises are planned and being followed (SQE F 627),,,SSQE 8.3.2,,10
F606_SQA,PROCEDURES,11.0,"On board meeting with regards to Safety, Security and Environment protection is carried out and reported. Such reports are followed up.",,,SSQE 9.4.4,,11
F606_SQA,PROCEDURES,12.0,Safety meeting is conducted during visit by Superintendents and records available.,,,SSQE 9.4.2,,12
F606_SQA,PROCEDURES,13.0,Master's review is conducted as per procedure and comments/suggestion made by Masters are taken into consideration,,,SSQE 9.5.4,,13
F606_SQA,PROCEDURES,14.0,Internal audit for fleet vessels are conducted as per plan and at scheduled interval.,,,SSQE 10.3.4,,14
F606_SQA,PROCEDURES,15.0,Internal audit for Manning agents/associated offices are conducted as per plan and at scheduled interval.,,,SSQE 10.3.4,,15
F606_SQA,PROCEDURES,16.0,"Audit findings are followed up and closed through appropriate action, records are available.",,,SSQE 10.6,,16
F606_SQA,PROCEDURES,17.0,"Periodic analysis of audit data is carried out to establish trends, gaps and weaknesses",,,SSQE 10.7.6,,17
F606_SQA,PROCEDURES,18.0,Handling of complaints received from external sources,,,SSQE 10.9,,18
F606_SQA,PROCEDURES,19.0,"Management review meetings are conducted as per schedule and records available, shared with the fleet",,,SSQE 10.11,,19
F606_SQA,PROCEDURES,20.0,Important aspects of the SMS for the fleet are being monitored by SQA Dept. (Form SQE S 626),,,SSQE 10.6.4,,20
F606_SQA,PROCEDURES,21.0,External audit requirements are monitored and followed up/findings are addressed timely,,,SSQE 10.12,,21
F606_SQA,PROCEDURES,22.0,Port State Control inspection (PSC) results are monitored and followed up as necessary. PSC observations are reported as Non-conformity,,,SSQE 10.13,,22
F606_SQA,PROCEDURES,23.0,"Incidents are recorded and classified, appropriate investigations are carried out to establish Root cause, suitable Corrective and Preventive Actions are carried out.",,,SSQE 11.0,,23
F606_SQA,PROCEDURES,24.0,Near Miss reports are analysed and followed up,,,SSQE 11.5,,24
F606_SQA,PROCEDURES,25.0,"Lessons learnt from Near miss reports shared with the fleet and periodic analysis carried out to establish trend, gap and weaknesses",,,SSQE 11.6,,25
F606_SQA,PROCEDURES,26.0,"There is an established document control system, which ensures that SMS documents hard/soft copies are maintained up to date and users informed.",,,SSQE 13.3,,26
F606_SQA,ENVIRONMENT MANAGEMENT SYSTEM,27.0,Audits are conducted and NC is closed,,,,,27
F606_SQA,ENVIRONMENT MANAGEMENT SYSTEM,28.0,Manual is up to date,,,,,28
F606_SQA,ENVIRONMENT MANAGEMENT SYSTEM,29.0,Key personnel are trained and/or familiarized on EMS as appropriate,,,EMS 5.4,,29
F606_SQA,ENVIRONMENT MANAGEMENT SYSTEM,30.0,Management level personnel completed VGP training,,,VGP,,30
F606_SQA,ENVIRONMENT MANAGEMENT SYSTEM,31.0,During ship visit raise awareness on reduction of waste,,,,,31
F606_SQA,ENVIRONMENT MANAGEMENT SYSTEM,32.0,"Management review and on board reviews are conducted, appropriate action initiated",,,EMS 6.0,,32
F606_SQA,ENVIRONMENT MANAGEMENT SYSTEM,33.0,Legal register is maintained up to date,,,EMS App C,,33
F606_SQA,DOCUMENTATION,34.0,Dept. KPI is available and monitored,,,SSQE App A,,34
F606_SQA,DOCUMENTATION,35.0,"SMS Manuals are distributed as intended, tracked with unique identifier and controlled",,,SSQE 13.3.3,,35
F606_SQA,DOCUMENTATION,36.0,Controlled documents are reviewed and revised by authorized person,,,SSQE 13.3.8 & 13.3.9,,36
F606_SQA,EMERGENCY PREPAREDNESS,37.0,Familiar with Emergency Response reporting,,,,,37
F606_SQA,EMERGENCY PREPAREDNESS,38.0,Ship-Shore exercieses are conducted as per plan and records available,,,,,38
F606_SQA,EMERGENCY PREPAREDNESS,39.0,An agreement for Ship Emergency Response System for each fleet vessel is signed and filed,,,,,39
F606_SQA,EMERGENCY PREPAREDNESS,40.0,Various checklists for tackling different emergencies and carrying out drills are developed,,,SSQE 8.3.2,,40
F606_SQA,EMERGENCY PREPAREDNESS,41.0,SMPEP/SOPEP/VRP/CCA/PCSOPEP available and up to date,,,SPM 4.0 2.2,,41
F606_SQA,SECURITY,42.0,"Security arrangements are periodically reviewed and changes are introduced, if necessary",,,SSQE 15.2,,42
F606_SQA,SECURITY,43.0,Security providers are scrutinized for their ability and integrity,,,SSQE 15.3,,43
F606_SQA,SECURITY,44.0,There is a procedure to maintain office security,,,SSQE 15.2.4,,44
F606_SQA,SECURITY,45.0,"Ship Security Assessment for vesselswhile taking over, are reviewed and completed",,ISPS A/8 & B/8,SSP,,45
F606_SQA,SECURITY,46.0,"SSO conducts security assessment for each voyage, which is reviewed by Office",,,SSP,,46
